CustomerName,OrderDate,OrderDetailsJson
Etheline,10-07-2022,"[{""ItemName"":""Spoon - Soup& Plastic"",""Price"":3868,""Quantity"":4}]"
Darrin,1/26/2023,"[{""ItemName"":""Milk Powder"",""Price"":1560,""Quantity"":1}]"
Sarene,10/23/2022,"[{""ItemName"":""Milk - Buttermilk"",""Price"":1368,""Quantity"":9}]"
Devora,3/18/2023,"[{""ItemName"":""Pork - Loin& Center Cut"",""Price"":464,""Quantity"":9}]"
Madelyn,08-08-2022,"[{""ItemName"":""Soup - Knorr& Ministrone"",""Price"":1842,""Quantity"":5}]"
Gun,10/30/2022,"[{""ItemName"":""Wasabi Paste"",""Price"":2028,""Quantity"":3}]"
Mair,04-02-2023,"[{""ItemName"":""Vinegar - Balsamic"",""Price"":891,""Quantity"":7}]"
Eal,02-06-2023,"[{""ItemName"":""Lamb - Shoulder& Boneless"",""Price"":1977,""Quantity"":10}]"
Birdie,03-03-2023,"[{""ItemName"":""Peas - Pigeon& Dry"",""Price"":2388,""Quantity"":3}]"
Benn,2/28/2023,"[{""ItemName"":""Island Oasis - Peach Daiquiri"",""Price"":1033,""Quantity"":5}]"
Freeland,09-08-2022,"[{""ItemName"":""Fudge - Cream Fudge"",""Price"":905,""Quantity"":4}]"
Amabelle,8/20/2022,"[{""ItemName"":""Beef - Baby& Liver"",""Price"":3007,""Quantity"":9}]"
Alonso,10/25/2022,"[{""ItemName"":""Mountain Dew"",""Price"":1817,""Quantity"":1}]"
Odelle,06-02-2022,"[{""ItemName"":""Tortillas - Flour& 12"",""Price"":2221,""Quantity"":3}]"
Veronique,12/15/2022,"[{""ItemName"":""Napkin White - Starched"",""Price"":792,""Quantity"":10}]"
Felicio,2/27/2023,"[{""ItemName"":""Wine - Piper Heidsieck Brut"",""Price"":554,""Quantity"":8}]"
Gwenora,12/20/2022,"[{""ItemName"":""Vinegar - White"",""Price"":2689,""Quantity"":5}]"
Marisa,5/22/2022,"[{""ItemName"":""Beets"",""Price"":1778,""Quantity"":7}]"
Randolph,2/28/2023,"[{""ItemName"":""Mix - Cappucino Cocktail"",""Price"":2003,""Quantity"":3}]"
Dallon,9/25/2022,"[{""ItemName"":""Cheese - Perron Cheddar"",""Price"":2462,""Quantity"":4}]"
Renelle,5/16/2022,"[{""ItemName"":""Bread - Roll& Calabrese"",""Price"":3662,""Quantity"":7}]"
Tuesday,07-08-2022,"[{""ItemName"":""Egg - Salad Premix"",""Price"":2025,""Quantity"":2}]"
Misty,07-10-2022,"[{""ItemName"":""Red Pepper Paste"",""Price"":1876,""Quantity"":3}]"
Iain,12/26/2022,"[{""ItemName"":""Jicama"",""Price"":3184,""Quantity"":7}]"
Dorey,4/23/2023,"[{""ItemName"":""Scallops - U - 10"",""Price"":922,""Quantity"":1}]"
Anderea,1/17/2023,"[{""ItemName"":""Coffee - Beans& Whole"",""Price"":2861,""Quantity"":10}]"
Nancee,7/17/2022,"[{""ItemName"":""Corn - On The Cob"",""Price"":1381,""Quantity"":9}]"
Bronny,3/19/2023,"[{""ItemName"":""Whmis Spray Bottle Graduated"",""Price"":3523,""Quantity"":4}]"
Priscella,1/26/2023,"[{""ItemName"":""Iced Tea - Lemon& 460 Ml"",""Price"":672,""Quantity"":9}]"
Domingo,11-05-2022,"[{""ItemName"":""Pear - Prickly"",""Price"":3567,""Quantity"":5}]"
Rudyard,4/13/2023,"[{""ItemName"":""Apricots - Halves"",""Price"":2974,""Quantity"":4}]"
Shawn,7/17/2022,"[{""ItemName"":""Pomello"",""Price"":2375,""Quantity"":3}]"
Adriana,5/22/2022,"[{""ItemName"":""Black Currants"",""Price"":1165,""Quantity"":8}]"
Benetta,2/15/2023,"[{""ItemName"":""True - Vue Containers"",""Price"":3168,""Quantity"":4}]"
Ursulina,3/17/2023,"[{""ItemName"":""Veal - Leg"",""Price"":714,""Quantity"":10}]"
Sheff,3/26/2023,"[{""ItemName"":""Chives - Fresh"",""Price"":2238,""Quantity"":3}]"
Agnola,7/26/2022,"[{""ItemName"":""Grapefruit - White"",""Price"":1321,""Quantity"":5}]"
Waldo,5/20/2022,"[{""ItemName"":""Buffalo - Tenderloin"",""Price"":3689,""Quantity"":1}]"
Carla,10/18/2022,"[{""ItemName"":""Steampan - Lid For Half Size"",""Price"":898,""Quantity"":2}]"
Dougie,9/24/2022,"[{""ItemName"":""Sauce - White& Mix"",""Price"":1691,""Quantity"":6}]"
Shaughn,01-04-2023,"[{""ItemName"":""Lobster - Canned Premium"",""Price"":1543,""Quantity"":8}]"
Magdalen,5/21/2022,"[{""ItemName"":""Pate Pans Yellow"",""Price"":2434,""Quantity"":1}]"
Lindy,8/15/2022,"[{""ItemName"":""Rice - Long Grain"",""Price"":3982,""Quantity"":3}]"
Vladimir,10-09-2022,"[{""ItemName"":""Crab - Claws& 26 - 30"",""Price"":509,""Quantity"":7}]"
Aurelea,9/18/2022,"[{""ItemName"":""Bread Cranberry Foccacia"",""Price"":2250,""Quantity"":9}]"
Claire,3/29/2023,"[{""ItemName"":""Tray - 12in Rnd Blk"",""Price"":304,""Quantity"":8}]"
Rolland,11-03-2022,"[{""ItemName"":""Muffin - Mix - Bran And Maple 15l"",""Price"":2371,""Quantity"":6}]"
Bernardine,1/24/2023,"[{""ItemName"":""Longos - Grilled Salmon With Bbq"",""Price"":2712,""Quantity"":4}]"
Jessy,2/22/2023,"[{""ItemName"":""Scallop - St. Jaques"",""Price"":392,""Quantity"":2}]"
Mirella,12-12-2022,"[{""ItemName"":""Cod - Black Whole Fillet"",""Price"":1279,""Quantity"":4}]"
Yasmin,3/21/2023,"[{""ItemName"":""Sage Ground Wiberg"",""Price"":2663,""Quantity"":7}]"
Carolyne,04-03-2023,"[{""ItemName"":""Bread - Pullman& Sliced"",""Price"":1949,""Quantity"":6}]"
Max,01-11-2023,"[{""ItemName"":""Sardines"",""Price"":2733,""Quantity"":1}]"
Chance,3/19/2023,"[{""ItemName"":""Mushroom - Chantrelle& Fresh"",""Price"":333,""Quantity"":6}]"
Wenona,07-02-2022,"[{""ItemName"":""Garbage Bags - Clear"",""Price"":3116,""Quantity"":10}]"
Gayel,04-07-2023,"[{""ItemName"":""V8 Splash Strawberry Banana"",""Price"":3369,""Quantity"":5}]"
Parnell,01-05-2023,"[{""ItemName"":""Shrimp - 21/25& Peel And Deviened"",""Price"":2509,""Quantity"":10}]"
Massimiliano,12-02-2022,"[{""ItemName"":""Chocolate - Compound Coating"",""Price"":3834,""Quantity"":10}]"
Astrid,3/17/2023,"[{""ItemName"":""Wine - Winzer Krems Gruner"",""Price"":624,""Quantity"":1}]"
Kurt,11/28/2022,"[{""ItemName"":""Rabbit - Saddles"",""Price"":3453,""Quantity"":2}]"
Winthrop,12/18/2022,"[{""ItemName"":""Filling - Mince Meat"",""Price"":3002,""Quantity"":4}]"
Katalin,1/13/2023,"[{""ItemName"":""Beef - Short Ribs"",""Price"":909,""Quantity"":2}]"
Edin,09-01-2022,"[{""ItemName"":""Rum - Mount Gay Eclipes"",""Price"":464,""Quantity"":1}]"
Caron,02-05-2023,"[{""ItemName"":""Carrots - Jumbo"",""Price"":935,""Quantity"":10}]"
Jamaal,08-07-2022,"[{""ItemName"":""Cumin - Ground"",""Price"":524,""Quantity"":8}]"
Amory,11/21/2022,"[{""ItemName"":""Ham - Proscuitto"",""Price"":1107,""Quantity"":6}]"
Gabey,08-06-2022,"[{""ItemName"":""Jameson Irish Whiskey"",""Price"":1080,""Quantity"":7}]"
Tiffy,2/28/2023,"[{""ItemName"":""Beef Wellington"",""Price"":3326,""Quantity"":4}]"
Hervey,2/15/2023,"[{""ItemName"":""Cookie Dough - Oatmeal Rasin"",""Price"":2798,""Quantity"":7}]"
Audry,10-12-2022,"[{""ItemName"":""Plastic Wrap"",""Price"":127,""Quantity"":1}]"
Garrik,04-11-2023,"[{""ItemName"":""Yogurt - Assorted Pack"",""Price"":1479,""Quantity"":3}]"
Krystal,10-09-2022,"[{""ItemName"":""Vanilla Beans"",""Price"":1945,""Quantity"":1}]"
Samaria,1/23/2023,"[{""ItemName"":""Parsnip"",""Price"":2455,""Quantity"":7}]"
Osmund,08-07-2022,"[{""ItemName"":""Soy Protein"",""Price"":1559,""Quantity"":2}]"
Mora,10-07-2022,"[{""ItemName"":""Table Cloth 144x90 White"",""Price"":1937,""Quantity"":4}]"
Perl,04-07-2023,"[{""ItemName"":""Soup - Knorr& Chicken Noodle"",""Price"":2409,""Quantity"":8}]"
Lilah,9/19/2022,"[{""ItemName"":""Wine - Chablis 2003 Champs"",""Price"":1140,""Quantity"":5}]"
Sheelagh,9/23/2022,"[{""ItemName"":""Wine - Sauvignon Blanc"",""Price"":2611,""Quantity"":3}]"
Pamela,05-11-2022,"[{""ItemName"":""Squid - Tubes / Tenticles 10/20"",""Price"":2544,""Quantity"":7}]"
Neil,12-03-2022,"[{""ItemName"":""Mushroom - King Eryingii"",""Price"":3884,""Quantity"":9}]"
Abel,05-02-2023,"[{""ItemName"":""Beer - Sleemans Cream Ale"",""Price"":519,""Quantity"":1}]"
Krisha,12-11-2022,"[{""ItemName"":""Wine - Gato Negro Cabernet"",""Price"":2851,""Quantity"":2}]"
Adan,01-05-2023,"[{""ItemName"":""Appetizer - Seafood Assortment"",""Price"":231,""Quantity"":6}]"
Celine,11/20/2022,"[{""ItemName"":""Wine - Ej Gallo Sonoma"",""Price"":2169,""Quantity"":2}]"
Augy,10-11-2022,"[{""ItemName"":""Lid - 0090 Clear"",""Price"":486,""Quantity"":9}]"
Rebekah,04-06-2023,"[{""ItemName"":""Tarragon - Primerba& Paste"",""Price"":2119,""Quantity"":8}]"
Beryl,8/23/2022,"[{""ItemName"":""Emulsifier"",""Price"":2813,""Quantity"":10}]"
Nels,10/25/2022,"[{""ItemName"":""Chutney Sauce - Mango"",""Price"":2403,""Quantity"":8}]"
Theresina,8/27/2022,"[{""ItemName"":""Napkin - Cocktail&beige 2 - Ply"",""Price"":785,""Quantity"":10}]"
Toinette,05-09-2022,"[{""ItemName"":""Lemonade - Kiwi& 591 Ml"",""Price"":1587,""Quantity"":7}]"
Gayler,10-08-2022,"[{""ItemName"":""Coconut Milk - Unsweetened"",""Price"":598,""Quantity"":10}]"
Carlyn,9/17/2022,"[{""ItemName"":""Nantucket Cranberry Juice"",""Price"":2395,""Quantity"":3}]"
Francis,1/24/2023,"[{""ItemName"":""Cake - Miini Cheesecake Cherry"",""Price"":1943,""Quantity"":10}]"
Thaddus,03-12-2023,"[{""ItemName"":""Pepper - Orange"",""Price"":931,""Quantity"":10}]"
Roby,2/17/2023,"[{""ItemName"":""Quail - Eggs& Fresh"",""Price"":1805,""Quantity"":2}]"
Daria,10-03-2022,"[{""ItemName"":""Kohlrabi"",""Price"":1905,""Quantity"":8}]"
Bride,3/16/2023,"[{""ItemName"":""Chicken - White Meat& No Tender"",""Price"":3385,""Quantity"":7}]"
Rozanna,5/16/2022,"[{""ItemName"":""Chinese Foods - Chicken"",""Price"":1667,""Quantity"":1}]"
Ann,2/14/2023,"[{""ItemName"":""Yukon Jack"",""Price"":1938,""Quantity"":10}]"
Hamlen,10/19/2022,"[{""ItemName"":""Tart Shells - Savory& 4"",""Price"":697,""Quantity"":6}]"
Sibeal,10/14/2022,"[{""ItemName"":""Coffee - Cafe Moreno"",""Price"":3606,""Quantity"":5}]"
Tabbatha,03-09-2023,"[{""ItemName"":""Tomatoes - Hot House"",""Price"":1201,""Quantity"":5}]"
Findley,5/15/2022,"[{""ItemName"":""Veal - Osso Bucco"",""Price"":3385,""Quantity"":7}]"
Elwira,11/29/2022,"[{""ItemName"":""Pasta - Gnocchi& Potato"",""Price"":1767,""Quantity"":8}]"
Finley,1/19/2023,"[{""ItemName"":""Pepper - Jalapeno"",""Price"":864,""Quantity"":1}]"
Devi,04-12-2023,"[{""ItemName"":""Tomato Puree"",""Price"":3210,""Quantity"":7}]"
Maureen,11-01-2022,"[{""ItemName"":""Mushroom - King Eryingii"",""Price"":2551,""Quantity"":2}]"
Quent,4/19/2023,"[{""ItemName"":""Cheese - Mozzarella"",""Price"":277,""Quantity"":2}]"
Dore,03-04-2023,"[{""ItemName"":""Gin - Gilbeys London& Dry"",""Price"":1150,""Quantity"":1}]"
Dill,7/29/2022,"[{""ItemName"":""Flour - Bread"",""Price"":3536,""Quantity"":2}]"
Tammy,05-10-2022,"[{""ItemName"":""Yoghurt Tubes"",""Price"":1649,""Quantity"":3}]"
Bertie,3/16/2023,"[{""ItemName"":""Pickerel - Fillets"",""Price"":426,""Quantity"":10}]"
Sheila,5/27/2022,"[{""ItemName"":""Gooseberry"",""Price"":3086,""Quantity"":6}]"
Joletta,1/13/2023,"[{""ItemName"":""Crab - Claws& 26 - 30"",""Price"":2577,""Quantity"":8}]"
Austin,4/22/2023,"[{""ItemName"":""Cheese - Grana Padano"",""Price"":2808,""Quantity"":7}]"
Rozelle,4/25/2023,"[{""ItemName"":""Crab - Meat"",""Price"":990,""Quantity"":3}]"
Filia,11/18/2022,"[{""ItemName"":""Bread Crumbs - Japanese Style"",""Price"":1331,""Quantity"":6}]"
Guss,2/26/2023,"[{""ItemName"":""Dill - Primerba& Paste"",""Price"":2712,""Quantity"":8}]"
Libbie,10/24/2022,"[{""ItemName"":""Shrimp - Tiger 21/25"",""Price"":110,""Quantity"":4}]"
Wendel,3/24/2023,"[{""ItemName"":""Soup Campbells Beef With Veg"",""Price"":3242,""Quantity"":5}]"
Brocky,8/24/2022,"[{""ItemName"":""Ecolab Crystal Fusion"",""Price"":1546,""Quantity"":3}]"
Bar,6/19/2022,"[{""ItemName"":""Chocolate - Mi - Amere Semi"",""Price"":2196,""Quantity"":9}]"
Susette,12-01-2022,"[{""ItemName"":""Spice - Paprika"",""Price"":1735,""Quantity"":3}]"
Chick,9/23/2022,"[{""ItemName"":""Beef - Bresaola"",""Price"":1909,""Quantity"":5}]"
Pier,9/29/2022,"[{""ItemName"":""Beef - Kindney& Whole"",""Price"":2268,""Quantity"":1}]"
Gertruda,01-04-2023,"[{""ItemName"":""Table Cloth - 53x69 Colour"",""Price"":3494,""Quantity"":9}]"
Heda,10-01-2022,"[{""ItemName"":""Soup - Campbells Chicken"",""Price"":853,""Quantity"":5}]"
Rodolfo,10-11-2022,"[{""ItemName"":""Soup - Verve - Chipotle Chicken"",""Price"":2434,""Quantity"":9}]"
Hugues,03-09-2023,"[{""ItemName"":""Bread - White& Unsliced"",""Price"":548,""Quantity"":4}]"
Tessi,5/31/2022,"[{""ItemName"":""Sour Puss - Tangerine"",""Price"":3980,""Quantity"":5}]"
Cornie,3/24/2023,"[{""ItemName"":""French Pastries"",""Price"":3865,""Quantity"":1}]"
Donall,11/21/2022,"[{""ItemName"":""Lamb - Shanks"",""Price"":1061,""Quantity"":2}]"
Rozina,12-08-2022,"[{""ItemName"":""Oil - Olive"",""Price"":148,""Quantity"":2}]"
Kandy,03-07-2023,"[{""ItemName"":""Longos - Penne With Pesto"",""Price"":674,""Quantity"":5}]"
Evered,5/28/2022,"[{""ItemName"":""Coffee Decaf Colombian"",""Price"":742,""Quantity"":5}]"
Barron,1/28/2023,"[{""ItemName"":""Nantucket - Carrot Orange"",""Price"":1836,""Quantity"":8}]"
Juliana,02-01-2023,"[{""ItemName"":""Cabbage - Nappa"",""Price"":2568,""Quantity"":3}]"
Latia,12-12-2022,"[{""ItemName"":""Wine - Magnotta - Red& Baco"",""Price"":222,""Quantity"":10}]"
Jayson,1/18/2023,"[{""ItemName"":""Banana Turning"",""Price"":864,""Quantity"":2}]"
Ross,10-05-2022,"[{""ItemName"":""Pimento - Canned"",""Price"":2537,""Quantity"":7}]"
Oralla,04-04-2023,"[{""ItemName"":""Bread - Assorted Rolls"",""Price"":3022,""Quantity"":6}]"
Daniele,4/22/2023,"[{""ItemName"":""Pepper - White& Ground"",""Price"":1255,""Quantity"":10}]"
Truda,03-11-2023,"[{""ItemName"":""Wine - White& Ej"",""Price"":1947,""Quantity"":6}]"
Rebekah,09-09-2022,"[{""ItemName"":""Cake - Sheet Strawberry"",""Price"":202,""Quantity"":4}]"
Hank,12-03-2022,"[{""ItemName"":""Juice - Pineapple& 48 Oz"",""Price"":3924,""Quantity"":9}]"
Tuesday,12-02-2022,"[{""ItemName"":""Magnotta Bel Paese Red"",""Price"":3238,""Quantity"":9}]"
Heda,6/22/2022,"[{""ItemName"":""Onions - Dried& Chopped"",""Price"":2438,""Quantity"":9}]"
Valentia,10-04-2022,"[{""ItemName"":""Veal - Leg"",""Price"":3166,""Quantity"":9}]"
Patience,12-02-2022,"[{""ItemName"":""Poppy Seed"",""Price"":3243,""Quantity"":6}]"
Emmalee,12-10-2022,"[{""ItemName"":""Lentils - Red& Dry"",""Price"":3500,""Quantity"":4}]"
Bethena,4/19/2023,"[{""ItemName"":""Dawn Professionl Pot And Pan"",""Price"":2932,""Quantity"":3}]"
Alice,12-08-2022,"[{""ItemName"":""Bread - White& Unsliced"",""Price"":1822,""Quantity"":3}]"
Daren,6/14/2022,"[{""ItemName"":""Truffle - Whole Black Peeled"",""Price"":710,""Quantity"":1}]"
Jonathan,08-12-2022,"[{""ItemName"":""Stock - Veal& White"",""Price"":2093,""Quantity"":1}]"
Carolyn,4/24/2023,"[{""ItemName"":""Soup - Campbells Chili Veg"",""Price"":732,""Quantity"":10}]"
Erin,4/20/2023,"[{""ItemName"":""Syrup - Kahlua Chocolate"",""Price"":1306,""Quantity"":7}]"
Cynthea,2/22/2023,"[{""ItemName"":""Chicken - White Meat& No Tender"",""Price"":2126,""Quantity"":7}]"
Charlotte,07-03-2022,"[{""ItemName"":""Pork - Sausage& Medium"",""Price"":955,""Quantity"":6}]"
Gustaf,4/28/2023,"[{""ItemName"":""Nori Sea Weed - Gold Label"",""Price"":3860,""Quantity"":7}]"
Conrade,11/30/2022,"[{""ItemName"":""Sping Loaded Cup Dispenser"",""Price"":630,""Quantity"":3}]"
Emerson,9/25/2022,"[{""ItemName"":""Rum - Coconut& Malibu"",""Price"":1755,""Quantity"":8}]"
Colet,12/25/2022,"[{""ItemName"":""Salmon Steak - Cohoe 6 Oz"",""Price"":1617,""Quantity"":3}]"
Catrina,11/14/2022,"[{""ItemName"":""Bread - White Mini Epi"",""Price"":2384,""Quantity"":2}]"
Rayner,08-07-2022,"[{""ItemName"":""Cream - 18%"",""Price"":3032,""Quantity"":2}]"
Royce,3/25/2023,"[{""ItemName"":""Lemonade - Mandarin& 591 Ml"",""Price"":3334,""Quantity"":8}]"
Reba,10-07-2022,"[{""ItemName"":""Icecream - Dstk Super Cone"",""Price"":199,""Quantity"":4}]"
Sasha,5/15/2022,"[{""ItemName"":""Scallops - U - 10"",""Price"":2899,""Quantity"":3}]"
Etta,6/26/2022,"[{""ItemName"":""Salami - Genova"",""Price"":3729,""Quantity"":7}]"
Averell,3/17/2023,"[{""ItemName"":""Bandage - Fexible 1x3"",""Price"":1251,""Quantity"":5}]"
Mia,07-02-2022,"[{""ItemName"":""Guava"",""Price"":2542,""Quantity"":7}]"
Vlad,05-02-2023,"[{""ItemName"":""Arctic Char - Fillets"",""Price"":328,""Quantity"":4}]"
Malissia,11/29/2022,"[{""ItemName"":""Coconut - Shredded& Unsweet"",""Price"":3544,""Quantity"":9}]"
Ronna,08-08-2022,"[{""ItemName"":""Salmon - Canned"",""Price"":3839,""Quantity"":5}]"
Mala,12/28/2022,"[{""ItemName"":""Lamb Rack Frenched Australian"",""Price"":1829,""Quantity"":8}]"
Gunar,12/16/2022,"[{""ItemName"":""Chocolate - Pistoles& White"",""Price"":2064,""Quantity"":2}]"
Theda,12-05-2022,"[{""ItemName"":""Cheese - Manchego& Spanish"",""Price"":2632,""Quantity"":1}]"
Kalie,5/31/2022,"[{""ItemName"":""Dry Ice"",""Price"":1227,""Quantity"":9}]"
Horatia,2/20/2023,"[{""ItemName"":""Beef - Ox Tongue"",""Price"":500,""Quantity"":6}]"
Carlene,11/24/2022,"[{""ItemName"":""Wine - Maipo Valle Cabernet"",""Price"":3278,""Quantity"":8}]"
Adelice,05-07-2022,"[{""ItemName"":""Wine - Lamancha Do Crianza"",""Price"":3783,""Quantity"":4}]"
Chantal,12-12-2022,"[{""ItemName"":""Flower - Dish Garden"",""Price"":3015,""Quantity"":5}]"
Teodoor,12/31/2022,"[{""ItemName"":""Wine - Charddonnay Errazuriz"",""Price"":1489,""Quantity"":2}]"
Natal,6/28/2022,"[{""ItemName"":""Apricots - Dried"",""Price"":3672,""Quantity"":5}]"
Teodor,11-11-2022,"[{""ItemName"":""Cake - Sheet Strawberry"",""Price"":219,""Quantity"":9}]"
Clarence,11/28/2022,"[{""ItemName"":""Beans - Black Bean& Canned"",""Price"":3938,""Quantity"":3}]"
Carlee,02-08-2023,"[{""ItemName"":""Sour Puss Sour Apple"",""Price"":382,""Quantity"":3}]"
Archer,2/21/2023,"[{""ItemName"":""Wine - Carmenere Casillero Del"",""Price"":1572,""Quantity"":3}]"
Corry,10/23/2022,"[{""ItemName"":""Mushroom - Shitake& Dry"",""Price"":3181,""Quantity"":1}]"
Alvinia,11-06-2022,"[{""ItemName"":""Uniform Linen Charge"",""Price"":2678,""Quantity"":7}]"
Joshua,10/14/2022,"[{""ItemName"":""Pears - Anjou"",""Price"":1489,""Quantity"":9}]"
Ansel,10-12-2022,"[{""ItemName"":""Beer - Upper Canada Light"",""Price"":2634,""Quantity"":2}]"
Trixie,10-01-2022,"[{""ItemName"":""Plate - Foam& Bread And Butter"",""Price"":2898,""Quantity"":6}]"
Roobbie,8/22/2022,"[{""ItemName"":""Bacardi Mojito"",""Price"":3918,""Quantity"":7}]"
Ettore,12/24/2022,"[{""ItemName"":""Veal - Liver"",""Price"":3038,""Quantity"":7}]"
Lelah,10-02-2022,"[{""ItemName"":""Worcestershire Sauce"",""Price"":1079,""Quantity"":1}]"
Michelle,2/19/2023,"[{""ItemName"":""Tuna - Fresh"",""Price"":1028,""Quantity"":4}]"
Sterling,5/15/2022,"[{""ItemName"":""Tea - Herbal I Love Lemon"",""Price"":2508,""Quantity"":7}]"
Raymund,04-07-2023,"[{""ItemName"":""Basil - Seedlings Cookstown"",""Price"":1647,""Quantity"":10}]"
Hyacinthe,03-04-2023,"[{""ItemName"":""Swiss Chard"",""Price"":3149,""Quantity"":3}]"
Simonette,12-09-2022,"[{""ItemName"":""Wine - Tribal Sauvignon"",""Price"":3983,""Quantity"":7}]"
Bird,4/18/2023,"[{""ItemName"":""Tea - Jasmin Green"",""Price"":2137,""Quantity"":7}]"
Filippo,12/28/2022,"[{""ItemName"":""Dc Hikiage Hira Huba"",""Price"":3875,""Quantity"":2}]"
Samson,3/26/2023,"[{""ItemName"":""Hagen Daza - Dk Choocolate"",""Price"":1342,""Quantity"":6}]"
Alexia,3/14/2023,"[{""ItemName"":""Paper - Brown Paper Mini Cups"",""Price"":486,""Quantity"":8}]"
Bathsheba,8/22/2022,"[{""ItemName"":""Extract - Vanilla&artificial"",""Price"":2786,""Quantity"":7}]"
Helenelizabeth,11-09-2022,"[{""ItemName"":""Lettuce - Frisee"",""Price"":2291,""Quantity"":9}]"
Robby,7/31/2022,"[{""ItemName"":""Soup - Campbells - Tomato"",""Price"":1680,""Quantity"":2}]"
Darleen,10/21/2022,"[{""ItemName"":""Lettuce - Sea / Sea Asparagus"",""Price"":281,""Quantity"":1}]"
Danyelle,3/15/2023,"[{""ItemName"":""Pasta - Fett Alfredo& Single Serve"",""Price"":2337,""Quantity"":10}]"
Mayne,11-08-2022,"[{""ItemName"":""Bread - Olive Dinner Roll"",""Price"":2344,""Quantity"":7}]"
Evita,12/15/2022,"[{""ItemName"":""Bread Cranberry Foccacia"",""Price"":1919,""Quantity"":10}]"
Shanta,5/14/2022,"[{""ItemName"":""Wine - Dubouef Macon - Villages"",""Price"":1116,""Quantity"":6}]"
Sheryl,02-07-2023,"[{""ItemName"":""Pork - Loin& Center Cut"",""Price"":3005,""Quantity"":5}]"
Fair,05-04-2022,"[{""ItemName"":""Flour - Masa De Harina Mexican"",""Price"":2983,""Quantity"":8}]"
Dill,03-11-2023,"[{""ItemName"":""Raisin - Golden"",""Price"":1637,""Quantity"":5}]"
Joscelin,5/27/2022,"[{""ItemName"":""Wine - Valpolicella Masi"",""Price"":3476,""Quantity"":7}]"
Hynda,10/18/2022,"[{""ItemName"":""Cookies - Oreo& 4 Pack"",""Price"":3151,""Quantity"":9}]"
Jareb,12/13/2022,"[{""ItemName"":""Oven Mitts - 15 Inch"",""Price"":1006,""Quantity"":7}]"
Even,11/13/2022,"[{""ItemName"":""Wine - Two Oceans Cabernet"",""Price"":3955,""Quantity"":10}]"
Dickie,07-02-2022,"[{""ItemName"":""Juice - Pineapple& 48 Oz"",""Price"":3793,""Quantity"":5}]"
Evaleen,12/24/2022,"[{""ItemName"":""Soho Lychee Liqueur"",""Price"":2345,""Quantity"":3}]"
Billie,12-03-2022,"[{""ItemName"":""Stock - Beef& Brown"",""Price"":1576,""Quantity"":7}]"
Orelee,01-05-2023,"[{""ItemName"":""Cherries - Frozen"",""Price"":2300,""Quantity"":10}]"
Katherina,10/21/2022,"[{""ItemName"":""Wine - Segura Viudas Aria Brut"",""Price"":1067,""Quantity"":7}]"
Charla,06-01-2022,"[{""ItemName"":""Wine - Cahors Ac 2000& Clos"",""Price"":4000,""Quantity"":3}]"
Felisha,7/13/2022,"[{""ItemName"":""Muffins - Assorted"",""Price"":932,""Quantity"":3}]"
Melody,03-01-2023,"[{""ItemName"":""Pineapple - Regular"",""Price"":101,""Quantity"":9}]"
Chancey,1/16/2023,"[{""ItemName"":""Squid Ink"",""Price"":3370,""Quantity"":3}]"
Fanchette,04-09-2023,"[{""ItemName"":""Sour Cream"",""Price"":1313,""Quantity"":7}]"
Hyacinth,6/15/2022,"[{""ItemName"":""Veal - Striploin"",""Price"":3450,""Quantity"":10}]"
Stinky,12/18/2022,"[{""ItemName"":""Arizona - Green Tea"",""Price"":1776,""Quantity"":6}]"
Amye,8/30/2022,"[{""ItemName"":""Rum - Mount Gay Eclipes"",""Price"":929,""Quantity"":9}]"
Annette,5/29/2022,"[{""ItemName"":""Country Roll"",""Price"":3494,""Quantity"":2}]"
Amandi,9/18/2022,"[{""ItemName"":""Squash - Pattypan& Yellow"",""Price"":1995,""Quantity"":6}]"
Patience,12/14/2022,"[{""ItemName"":""Beef - Ox Tongue"",""Price"":671,""Quantity"":1}]"
Quinlan,05-12-2022,"[{""ItemName"":""Pepper - Pablano"",""Price"":3004,""Quantity"":5}]"
Betteann,1/22/2023,"[{""ItemName"":""Noodles - Cellophane& Thin"",""Price"":2397,""Quantity"":2}]"
Esme,09-11-2022,"[{""ItemName"":""Chicken - Base& Ultimate"",""Price"":3207,""Quantity"":4}]"
Marianna,04-06-2023,"[{""ItemName"":""Pastry - Carrot Muffin - Mini"",""Price"":189,""Quantity"":7}]"
Demetri,10/24/2022,"[{""ItemName"":""Cheese - Bakers Cream Cheese"",""Price"":231,""Quantity"":2}]"
Fran,10-01-2022,"[{""ItemName"":""Shallots"",""Price"":2316,""Quantity"":7}]"
Micky,12/20/2022,"[{""ItemName"":""Table Cloth 81x81 Colour"",""Price"":1942,""Quantity"":5}]"
Boote,4/22/2023,"[{""ItemName"":""Ham - Smoked& Bone - In"",""Price"":3896,""Quantity"":6}]"
Camala,11-08-2022,"[{""ItemName"":""Yucca"",""Price"":3800,""Quantity"":4}]"
Emelita,5/18/2022,"[{""ItemName"":""Campari"",""Price"":1031,""Quantity"":7}]"
Raimondo,12/24/2022,"[{""ItemName"":""Tilapia - Fillets"",""Price"":2511,""Quantity"":4}]"
Ramon,5/14/2022,"[{""ItemName"":""Nut - Cashews& Whole& Raw"",""Price"":1586,""Quantity"":3}]"
Lauri,7/26/2022,"[{""ItemName"":""Bacon Strip Precooked"",""Price"":152,""Quantity"":3}]"
Cherri,7/16/2022,"[{""ItemName"":""Mcgillicuddy Vanilla Schnap"",""Price"":2458,""Quantity"":3}]"
Lawton,04-03-2023,"[{""ItemName"":""Dr. Pepper - 355ml"",""Price"":1688,""Quantity"":5}]"
Harley,03-08-2023,"[{""ItemName"":""Wine - Red& Cabernet Sauvignon"",""Price"":592,""Quantity"":5}]"
Arlee,05-12-2022,"[{""ItemName"":""Compound - Rum"",""Price"":1088,""Quantity"":6}]"
Dredi,6/14/2022,"[{""ItemName"":""True - Vue Containers"",""Price"":390,""Quantity"":3}]"
Cyb,1/21/2023,"[{""ItemName"":""Bread - Frozen Basket Variety"",""Price"":3146,""Quantity"":2}]"
Danya,6/24/2022,"[{""ItemName"":""Soap - Pine Sol Floor Cleaner"",""Price"":3071,""Quantity"":3}]"
Lucila,06-08-2022,"[{""ItemName"":""Cream - 18%"",""Price"":2703,""Quantity"":4}]"
Bertine,9/15/2022,"[{""ItemName"":""Buttons"",""Price"":3190,""Quantity"":8}]"
Portie,5/28/2022,"[{""ItemName"":""Syrup - Monin - Passion Fruit"",""Price"":3354,""Quantity"":1}]"
Cullen,4/25/2023,"[{""ItemName"":""Tart Shells - Sweet& 2"",""Price"":3397,""Quantity"":9}]"
Joel,02-12-2023,"[{""ItemName"":""Beef - Rib Roast& Cap On"",""Price"":772,""Quantity"":6}]"
Lucais,11-03-2022,"[{""ItemName"":""Drambuie"",""Price"":3605,""Quantity"":4}]"
Patrica,12-01-2022,"[{""ItemName"":""Potatoes - Fingerling 4 Oz"",""Price"":1215,""Quantity"":5}]"
Noel,5/15/2022,"[{""ItemName"":""Chicken - Base"",""Price"":2723,""Quantity"":4}]"
Melisse,4/23/2023,"[{""ItemName"":""Tarragon - Fresh"",""Price"":3679,""Quantity"":5}]"
Adair,9/13/2022,"[{""ItemName"":""Bread Ww Cluster"",""Price"":2547,""Quantity"":4}]"
Etan,4/30/2023,"[{""ItemName"":""Soup - French Can Pea"",""Price"":3960,""Quantity"":10}]"
Walther,1/28/2023,"[{""ItemName"":""Melon - Honey Dew"",""Price"":1405,""Quantity"":2}]"
Gus,3/21/2023,"[{""ItemName"":""Flour - All Purpose"",""Price"":1262,""Quantity"":6}]"
Filmore,5/19/2022,"[{""ItemName"":""Pasta - Agnolotti - Butternut"",""Price"":1276,""Quantity"":10}]"
Anthiathia,3/20/2023,"[{""ItemName"":""Pomello"",""Price"":1261,""Quantity"":9}]"
Avrit,12-09-2022,"[{""ItemName"":""Wine - Penfolds Koonuga Hill"",""Price"":379,""Quantity"":6}]"
Roderick,12-01-2022,"[{""ItemName"":""Bread - Dark Rye"",""Price"":2411,""Quantity"":9}]"
Sharona,07-02-2022,"[{""ItemName"":""Tamarind Paste"",""Price"":1878,""Quantity"":1}]"
Neile,10-01-2022,"[{""ItemName"":""Appetizer - Crab And Brie"",""Price"":1421,""Quantity"":8}]"
Sammie,12-12-2022,"[{""ItemName"":""Soap - Mr.clean Floor Soap"",""Price"":3944,""Quantity"":7}]"
Augie,2/13/2023,"[{""ItemName"":""Beef - Cooked& Corned"",""Price"":3369,""Quantity"":7}]"
Davie,10-10-2022,"[{""ItemName"":""Veal - Sweetbread"",""Price"":2407,""Quantity"":10}]"
Rosalyn,4/14/2023,"[{""ItemName"":""Scallop - St. Jaques"",""Price"":3100,""Quantity"":1}]"
Lisa,02-11-2023,"[{""ItemName"":""Broom - Angled"",""Price"":3889,""Quantity"":3}]"
Fernandina,4/28/2023,"[{""ItemName"":""Mushroom - Enoki& Dry"",""Price"":1813,""Quantity"":7}]"
Irving,7/29/2022,"[{""ItemName"":""Table Cloth 120 Round White"",""Price"":1264,""Quantity"":1}]"
Alexa,10/31/2022,"[{""ItemName"":""Syrup - Kahlua Chocolate"",""Price"":1232,""Quantity"":7}]"
Oran,03-01-2023,"[{""ItemName"":""Oil - Coconut"",""Price"":3728,""Quantity"":4}]"
Ester,5/21/2022,"[{""ItemName"":""Crackers - Water"",""Price"":2524,""Quantity"":5}]"
Lorita,07-09-2022,"[{""ItemName"":""Chicken - Leg& Boneless"",""Price"":3016,""Quantity"":1}]"
Nappy,04-06-2023,"[{""ItemName"":""Capicola - Hot"",""Price"":3094,""Quantity"":4}]"
Hilde,01-06-2023,"[{""ItemName"":""Tamarind Paste"",""Price"":1499,""Quantity"":7}]"
Marcy,02-07-2023,"[{""ItemName"":""Laundry - Bag Cloth"",""Price"":680,""Quantity"":4}]"
Scarlet,05-01-2023,"[{""ItemName"":""Cheese - Wine"",""Price"":2847,""Quantity"":9}]"
Katine,03-06-2023,"[{""ItemName"":""Anchovy Paste - 56 G Tube"",""Price"":1161,""Quantity"":6}]"
Billy,1/27/2023,"[{""ItemName"":""Cheese - Le Cheve Noir"",""Price"":3785,""Quantity"":2}]"
Emily,8/13/2022,"[{""ItemName"":""Lamb - Shoulder"",""Price"":2463,""Quantity"":10}]"
Lainey,10/27/2022,"[{""ItemName"":""Tea - Grapefruit Green Tea"",""Price"":2631,""Quantity"":9}]"
Nikolai,4/15/2023,"[{""ItemName"":""Puff Pastry - Sheets"",""Price"":3520,""Quantity"":7}]"
Klara,2/24/2023,"[{""ItemName"":""Calvados - Boulard"",""Price"":3818,""Quantity"":9}]"
Linn,07-10-2022,"[{""ItemName"":""Cheese - Cream Cheese"",""Price"":3974,""Quantity"":9}]"
Latisha,11/22/2022,"[{""ItemName"":""Bread Base - Gold Formel"",""Price"":3605,""Quantity"":2}]"
Abba,10/24/2022,"[{""ItemName"":""Veal - Round& Eye Of"",""Price"":3313,""Quantity"":9}]"
Yovonnda,10/14/2022,"[{""ItemName"":""Lady Fingers"",""Price"":2788,""Quantity"":5}]"
Fan,4/14/2023,"[{""ItemName"":""Beer - Upper Canada Lager"",""Price"":322,""Quantity"":10}]"
Sigismond,7/15/2022,"[{""ItemName"":""Wine - Barbera Alba Doc 2001"",""Price"":1640,""Quantity"":8}]"
Calli,11/28/2022,"[{""ItemName"":""Table Cloth - 53x69 Colour"",""Price"":1513,""Quantity"":5}]"
Lind,12-08-2022,"[{""ItemName"":""Wine - Pinot Noir Pond Haddock"",""Price"":1059,""Quantity"":5}]"
Cordula,6/26/2022,"[{""ItemName"":""Plastic Arrow Stir Stick"",""Price"":639,""Quantity"":1}]"
Kimberlyn,05-09-2022,"[{""ItemName"":""Cumin - Ground"",""Price"":571,""Quantity"":1}]"
Gratia,2/26/2023,"[{""ItemName"":""Wine - Blue Nun Qualitatswein"",""Price"":1626,""Quantity"":8}]"
Daven,09-12-2022,"[{""ItemName"":""Sage Derby"",""Price"":2011,""Quantity"":8}]"
Kara,3/15/2023,"[{""ItemName"":""Tendrils - Baby Pea& Organic"",""Price"":3147,""Quantity"":5}]"
Florentia,6/22/2022,"[{""ItemName"":""Veal - Leg"",""Price"":1195,""Quantity"":3}]"
Ariel,05-03-2023,"[{""ItemName"":""Mahi Mahi"",""Price"":2493,""Quantity"":7}]"
Arden,11-02-2022,"[{""ItemName"":""Hog / Sausage Casing - Pork"",""Price"":3970,""Quantity"":1}]"
Edd,11/28/2022,"[{""ItemName"":""Table Cloth 90x90 White"",""Price"":3505,""Quantity"":5}]"
Desi,03-04-2023,"[{""ItemName"":""Appetizer - Mango Chevre"",""Price"":3185,""Quantity"":6}]"
Alli,2/27/2023,"[{""ItemName"":""Juice - Lime"",""Price"":1024,""Quantity"":8}]"
Gavrielle,01-04-2023,"[{""ItemName"":""Lentils - Green& Dry"",""Price"":1924,""Quantity"":5}]"
Verna,08-08-2022,"[{""ItemName"":""Pepper - Black& Ground"",""Price"":1198,""Quantity"":8}]"
Susy,10-10-2022,"[{""ItemName"":""Wine - Sake"",""Price"":1297,""Quantity"":9}]"
Edward,08-07-2022,"[{""ItemName"":""Lamb - Loin& Trimmed& Boneless"",""Price"":546,""Quantity"":3}]"
Florida,12-04-2022,"[{""ItemName"":""Cheese - Cheddarsliced"",""Price"":647,""Quantity"":9}]"
Felipe,2/15/2023,"[{""ItemName"":""Wine - Tribal Sauvignon"",""Price"":3778,""Quantity"":10}]"
Junette,12-11-2022,"[{""ItemName"":""Wine - Remy Pannier Rose"",""Price"":506,""Quantity"":5}]"
Ophelia,7/14/2022,"[{""ItemName"":""Flour - Bran& Red"",""Price"":2371,""Quantity"":5}]"
Karine,09-04-2022,"[{""ItemName"":""Scallops 60/80 Iqf"",""Price"":1982,""Quantity"":10}]"
Delainey,5/19/2022,"[{""ItemName"":""Pepper - Red Bell"",""Price"":1142,""Quantity"":9}]"
Helen,03-07-2023,"[{""ItemName"":""Vermacelli - Sprinkles& Assorted"",""Price"":521,""Quantity"":8}]"
Guendolen,11/27/2022,"[{""ItemName"":""Veal - Insides Provini"",""Price"":2008,""Quantity"":7}]"
Samson,05-12-2022,"[{""ItemName"":""Extract - Lemon"",""Price"":3289,""Quantity"":4}]"
Faye,08-07-2022,"[{""ItemName"":""Soup - Knorr& Veg / Beef"",""Price"":3087,""Quantity"":2}]"
Marinna,7/16/2022,"[{""ItemName"":""Bread - 10 Grain"",""Price"":1688,""Quantity"":4}]"
Luigi,3/24/2023,"[{""ItemName"":""Wine - Marlbourough Sauv Blanc"",""Price"":381,""Quantity"":8}]"
Alanah,6/14/2022,"[{""ItemName"":""Flower - Carnations"",""Price"":1377,""Quantity"":7}]"
Deloria,05-11-2022,"[{""ItemName"":""Magnotta - Bel Paese White"",""Price"":2944,""Quantity"":6}]"
Nataline,09-01-2022,"[{""ItemName"":""Wine - Mas Chicet Rose& Vintage"",""Price"":2562,""Quantity"":5}]"
Koressa,7/13/2022,"[{""ItemName"":""Sauce - Hp"",""Price"":470,""Quantity"":6}]"
Perri,3/31/2023,"[{""ItemName"":""Lemon Balm - Fresh"",""Price"":3669,""Quantity"":8}]"
Ashlen,8/31/2022,"[{""ItemName"":""Phyllo Dough"",""Price"":1809,""Quantity"":9}]"
Millisent,9/30/2022,"[{""ItemName"":""Cheese - Havarti& Salsa"",""Price"":1750,""Quantity"":4}]"
Celestyn,5/29/2022,"[{""ItemName"":""Cookies - Amaretto"",""Price"":3388,""Quantity"":7}]"
Anatole,10/22/2022,"[{""ItemName"":""Sage - Fresh"",""Price"":1779,""Quantity"":1}]"
Allys,12-05-2022,"[{""ItemName"":""Kaffir Lime Leaves"",""Price"":3944,""Quantity"":6}]"
Naoma,3/28/2023,"[{""ItemName"":""Steel Wool"",""Price"":3882,""Quantity"":4}]"
Yorke,6/13/2022,"[{""ItemName"":""Basil - Thai"",""Price"":3500,""Quantity"":5}]"
Ennis,11-11-2022,"[{""ItemName"":""Butter - Salted"",""Price"":604,""Quantity"":10}]"
Aube,6/29/2022,"[{""ItemName"":""Pastrami"",""Price"":2535,""Quantity"":3}]"
James,11-02-2022,"[{""ItemName"":""Tomatillo"",""Price"":3420,""Quantity"":6}]"
Orsola,3/18/2023,"[{""ItemName"":""Rice - Basmati"",""Price"":3497,""Quantity"":10}]"
Rayna,4/16/2023,"[{""ItemName"":""Soup - Cream Of Potato / Leek"",""Price"":774,""Quantity"":10}]"
Oran,05-08-2022,"[{""ItemName"":""Cod - Black Whole Fillet"",""Price"":2234,""Quantity"":1}]"
Lin,7/18/2022,"[{""ItemName"":""Cloves - Whole"",""Price"":3645,""Quantity"":4}]"
Harrison,9/24/2022,"[{""ItemName"":""Vodka - Smirnoff"",""Price"":3795,""Quantity"":7}]"
Kain,5/20/2022,"[{""ItemName"":""Laundry - Bag Cloth"",""Price"":3551,""Quantity"":7}]"
Isabel,10-05-2022,"[{""ItemName"":""Pomello"",""Price"":2855,""Quantity"":4}]"
Ezekiel,09-10-2022,"[{""ItemName"":""Vacuum Bags 12x16"",""Price"":866,""Quantity"":3}]"
Haven,8/17/2022,"[{""ItemName"":""Chinese Foods - Chicken"",""Price"":1013,""Quantity"":2}]"
Alexia,04-08-2023,"[{""ItemName"":""Oysters - Smoked"",""Price"":2224,""Quantity"":10}]"
Dud,03-05-2023,"[{""ItemName"":""Chicken - Wings& Tip Off"",""Price"":3854,""Quantity"":4}]"
Orville,10/19/2022,"[{""ItemName"":""Bread Foccacia Whole"",""Price"":419,""Quantity"":3}]"
Alasdair,6/15/2022,"[{""ItemName"":""Muffin Carrot - Individual"",""Price"":1111,""Quantity"":1}]"
Noelyn,03-04-2023,"[{""ItemName"":""Lamb Shoulder Boneless Nz"",""Price"":245,""Quantity"":7}]"
Annabela,6/22/2022,"[{""ItemName"":""Soup - Cream Of Broccoli"",""Price"":1443,""Quantity"":2}]"
Amos,9/25/2022,"[{""ItemName"":""Energy Drink - Franks Original"",""Price"":376,""Quantity"":3}]"
Darn,11/20/2022,"[{""ItemName"":""Russian Prince"",""Price"":1905,""Quantity"":1}]"
Gordie,8/13/2022,"[{""ItemName"":""Juice - Cranberry 284ml"",""Price"":3257,""Quantity"":6}]"
Lion,05-12-2022,"[{""ItemName"":""Sesame Seed Black"",""Price"":440,""Quantity"":1}]"
Albrecht,2/19/2023,"[{""ItemName"":""Sauce - Roasted Red Pepper"",""Price"":2445,""Quantity"":3}]"
Bennie,12/24/2022,"[{""ItemName"":""Shark - Loin"",""Price"":1463,""Quantity"":2}]"
Felicdad,07-12-2022,"[{""ItemName"":""Crackers - Melba Toast"",""Price"":1071,""Quantity"":8}]"
Haley,7/26/2022,"[{""ItemName"":""Carbonated Water - Orange"",""Price"":2301,""Quantity"":6}]"
Cori,3/16/2023,"[{""ItemName"":""Wine - Shiraz Wolf Blass Premium"",""Price"":2779,""Quantity"":3}]"
Trevor,11/13/2022,"[{""ItemName"":""Pasta - Rotini& Dry"",""Price"":2764,""Quantity"":1}]"
Pansy,6/18/2022,"[{""ItemName"":""Veal - Shank& Pieces"",""Price"":3502,""Quantity"":2}]"
Feliks,9/26/2022,"[{""ItemName"":""Wine - Zonnebloem Pinotage"",""Price"":575,""Quantity"":3}]"
Carmon,3/27/2023,"[{""ItemName"":""Bread - Flat Bread"",""Price"":2690,""Quantity"":6}]"
Christoper,10/31/2022,"[{""ItemName"":""Vinegar - White Wine"",""Price"":3980,""Quantity"":7}]"
Russ,08-09-2022,"[{""ItemName"":""Yoplait Drink"",""Price"":3174,""Quantity"":5}]"
Noni,09-01-2022,"[{""ItemName"":""Towel Multifold"",""Price"":3884,""Quantity"":9}]"
Dimitry,12-07-2022,"[{""ItemName"":""Foam Espresso Cup Plain White"",""Price"":3374,""Quantity"":4}]"
Sayres,5/28/2022,"[{""ItemName"":""Hipnotiq Liquor"",""Price"":989,""Quantity"":7}]"
Min,7/16/2022,"[{""ItemName"":""Salmon Steak - Cohoe 6 Oz"",""Price"":203,""Quantity"":3}]"
Bernhard,12/22/2022,"[{""ItemName"":""Walkers Special Old Whiskey"",""Price"":3593,""Quantity"":7}]"
Ricky,03-01-2023,"[{""ItemName"":""Beef Cheek Fresh"",""Price"":2152,""Quantity"":2}]"
Brandice,11-12-2022,"[{""ItemName"":""Jolt Cola"",""Price"":3116,""Quantity"":2}]"
Raoul,5/15/2022,"[{""ItemName"":""Wine - White& Concha Y Toro"",""Price"":3218,""Quantity"":6}]"
Wald,2/24/2023,"[{""ItemName"":""Cheese - Oka"",""Price"":2539,""Quantity"":7}]"
Dominga,2/26/2023,"[{""ItemName"":""Gatorade - Lemon Lime"",""Price"":2113,""Quantity"":5}]"
Barbabra,6/29/2022,"[{""ItemName"":""Pepper - Chillies& Crushed"",""Price"":493,""Quantity"":7}]"
Sly,10-07-2022,"[{""ItemName"":""Kale - Red"",""Price"":1250,""Quantity"":7}]"
Deloris,6/24/2022,"[{""ItemName"":""Beef - Rib Eye Aaa"",""Price"":1411,""Quantity"":10}]"
Wynny,4/16/2023,"[{""ItemName"":""Pears - Anjou"",""Price"":2806,""Quantity"":3}]"
Nanci,11/13/2022,"[{""ItemName"":""Beer - Creemore"",""Price"":2267,""Quantity"":5}]"
Clarette,05-11-2022,"[{""ItemName"":""Absolut Citron"",""Price"":1093,""Quantity"":9}]"
Aimil,8/23/2022,"[{""ItemName"":""Truffle Cups - Red"",""Price"":2993,""Quantity"":7}]"
Viki,8/20/2022,"[{""ItemName"":""Cut Wakame - Hanawakaba"",""Price"":3870,""Quantity"":9}]"
Stefan,12/24/2022,"[{""ItemName"":""Bread - Pullman& Sliced"",""Price"":1578,""Quantity"":8}]"
Deena,12/21/2022,"[{""ItemName"":""Creme De Cacao White"",""Price"":2294,""Quantity"":10}]"
Aylmar,07-02-2022,"[{""ItemName"":""French Kiss Vanilla"",""Price"":840,""Quantity"":8}]"
Crysta,3/22/2023,"[{""ItemName"":""Paper Cocktail Umberlla 80 - 180"",""Price"":3510,""Quantity"":5}]"
Ivan,6/15/2022,"[{""ItemName"":""Cup - 8oz Coffee Perforated"",""Price"":1180,""Quantity"":1}]"
Arney,10-03-2022,"[{""ItemName"":""Egg Patty Fried"",""Price"":3875,""Quantity"":3}]"
Tybi,5/16/2022,"[{""ItemName"":""Bread - Pita& Mini"",""Price"":3912,""Quantity"":3}]"
Sibylla,7/28/2022,"[{""ItemName"":""Wine - Balbach Riverside"",""Price"":2856,""Quantity"":6}]"
Liesa,1/22/2023,"[{""ItemName"":""Beef - Top Sirloin - Aaa"",""Price"":2118,""Quantity"":4}]"
Bayard,09-07-2022,"[{""ItemName"":""Beef - Striploin Aa"",""Price"":3911,""Quantity"":5}]"
Clyde,03-04-2023,"[{""ItemName"":""Wine - Sawmill Creek Autumn"",""Price"":870,""Quantity"":4}]"
Richmound,06-02-2022,"[{""ItemName"":""Salmon - Atlantic& Fresh& Whole"",""Price"":1717,""Quantity"":8}]"
Alfredo,12-04-2022,"[{""ItemName"":""Milk - Chocolate 250 Ml"",""Price"":2375,""Quantity"":1}]"
Leora,1/30/2023,"[{""ItemName"":""Duck - Legs"",""Price"":487,""Quantity"":2}]"
Carmina,7/25/2022,"[{""ItemName"":""Cookies - Amaretto"",""Price"":1755,""Quantity"":3}]"
Rebeca,5/29/2022,"[{""ItemName"":""Pepper - Black& Crushed"",""Price"":2415,""Quantity"":8}]"
Sybille,5/15/2022,"[{""ItemName"":""Pastry - Baked Cinnamon Stick"",""Price"":3515,""Quantity"":3}]"
Tina,2/13/2023,"[{""ItemName"":""Olives - Green& Pitted"",""Price"":632,""Quantity"":5}]"
Evan,10-10-2022,"[{""ItemName"":""Appetizer - Mango Chevre"",""Price"":1360,""Quantity"":9}]"
Min,5/15/2022,"[{""ItemName"":""White Baguette"",""Price"":1354,""Quantity"":2}]"
Saudra,12/18/2022,"[{""ItemName"":""Horseradish Root"",""Price"":2649,""Quantity"":5}]"
Gianna,12-11-2022,"[{""ItemName"":""Beef - Kobe Striploin"",""Price"":1401,""Quantity"":9}]"
Gayleen,10-12-2022,"[{""ItemName"":""Oven Mitts - 15 Inch"",""Price"":853,""Quantity"":7}]"
Hernando,10/21/2022,"[{""ItemName"":""Chicken - Base& Ultimate"",""Price"":1879,""Quantity"":10}]"
Diane-marie,09-12-2022,"[{""ItemName"":""Beer - Sleemans Cream Ale"",""Price"":3192,""Quantity"":5}]"
Anestassia,10/31/2022,"[{""ItemName"":""Pepper - Black& Crushed"",""Price"":432,""Quantity"":1}]"
Christine,12/15/2022,"[{""ItemName"":""Lettuce - Treviso"",""Price"":2522,""Quantity"":4}]"
Eran,08-10-2022,"[{""ItemName"":""Salmon Steak - Cohoe 8 Oz"",""Price"":328,""Quantity"":4}]"
Isabella,12/13/2022,"[{""ItemName"":""Mini - Vol Au Vents"",""Price"":3900,""Quantity"":9}]"
Arte,5/30/2022,"[{""ItemName"":""Beef - Rouladin& Sliced"",""Price"":1303,""Quantity"":9}]"
Ronny,11/13/2022,"[{""ItemName"":""Saskatoon Berries - Frozen"",""Price"":843,""Quantity"":1}]"
Stern,7/15/2022,"[{""ItemName"":""Lemons"",""Price"":3533,""Quantity"":8}]"
Merwin,5/13/2022,"[{""ItemName"":""Chinese Foods - Plain Fried Rice"",""Price"":3447,""Quantity"":2}]"
Ferguson,02-08-2023,"[{""ItemName"":""Tortillas - Flour& 10"",""Price"":733,""Quantity"":5}]"
Gustavo,04-04-2023,"[{""ItemName"":""Lemonade - Kiwi& 591 Ml"",""Price"":450,""Quantity"":6}]"
Fredrika,08-08-2022,"[{""ItemName"":""Wine - Manischewitz Concord"",""Price"":476,""Quantity"":3}]"
Catha,1/13/2023,"[{""ItemName"":""Milk - Buttermilk"",""Price"":2596,""Quantity"":8}]"
Hadria,11/16/2022,"[{""ItemName"":""Skewers - Bamboo"",""Price"":2025,""Quantity"":1}]"
Isador,6/25/2022,"[{""ItemName"":""Juice - Lagoon Mango"",""Price"":3438,""Quantity"":4}]"
Leslie,07-12-2022,"[{""ItemName"":""Orange Roughy 4/6 Oz"",""Price"":3880,""Quantity"":8}]"
Mitzi,06-10-2022,"[{""ItemName"":""Sauce - Thousand Island"",""Price"":2599,""Quantity"":8}]"
Sven,4/15/2023,"[{""ItemName"":""Pie Shell - 9"",""Price"":523,""Quantity"":9}]"
Faythe,1/27/2023,"[{""ItemName"":""Cinnamon - Ground"",""Price"":1428,""Quantity"":8}]"
Shayna,02-04-2023,"[{""ItemName"":""Table Cloth 54x72 Colour"",""Price"":526,""Quantity"":8}]"
Samantha,4/14/2023,"[{""ItemName"":""Apricots Fresh"",""Price"":985,""Quantity"":7}]"
Gisella,10-08-2022,"[{""ItemName"":""Milk 2% 500 Ml"",""Price"":3382,""Quantity"":9}]"
Nicolina,7/17/2022,"[{""ItemName"":""Cookies - Amaretto"",""Price"":3904,""Quantity"":10}]"
Consalve,08-06-2022,"[{""ItemName"":""Icecream Bar - Del Monte"",""Price"":1640,""Quantity"":4}]"
Joeann,7/25/2022,"[{""ItemName"":""Spice - Pepper Portions"",""Price"":677,""Quantity"":3}]"
Raye,11/26/2022,"[{""ItemName"":""Savory"",""Price"":2953,""Quantity"":10}]"
Parnell,2/15/2023,"[{""ItemName"":""Syrup - Monin& Amaretta"",""Price"":3615,""Quantity"":3}]"
Bonnibelle,9/24/2022,"[{""ItemName"":""Energy - Boo - Koo"",""Price"":3413,""Quantity"":4}]"
Mannie,08-10-2022,"[{""ItemName"":""Beef - Tongue& Fresh"",""Price"":177,""Quantity"":7}]"
Leontine,07-07-2022,"[{""ItemName"":""Beef - Ground& Extra Lean& Fresh"",""Price"":396,""Quantity"":4}]"
Gustavo,6/14/2022,"[{""ItemName"":""Rosemary - Primerba& Paste"",""Price"":3749,""Quantity"":10}]"
Evie,10/26/2022,"[{""ItemName"":""Contreau"",""Price"":1837,""Quantity"":7}]"
Eleanore,10/28/2022,"[{""ItemName"":""Containter - 3oz Microwave Rect."",""Price"":949,""Quantity"":5}]"
Julian,07-07-2022,"[{""ItemName"":""Pie Shell - 9"",""Price"":964,""Quantity"":10}]"
Evy,06-12-2022,"[{""ItemName"":""Pears - Anjou"",""Price"":2236,""Quantity"":5}]"
Bryanty,7/18/2022,"[{""ItemName"":""Butter Balls Salted"",""Price"":3815,""Quantity"":5}]"
Carrol,05-10-2022,"[{""ItemName"":""Cognac - Courvaisier"",""Price"":1950,""Quantity"":8}]"
Lyon,3/18/2023,"[{""ItemName"":""Cheese - Woolwich Goat& Log"",""Price"":3687,""Quantity"":7}]"
Tiphanie,09-12-2022,"[{""ItemName"":""Cake Circle& Foil& Scallop"",""Price"":2499,""Quantity"":8}]"
Barnabas,09-07-2022,"[{""ItemName"":""Yeast Dry - Fermipan"",""Price"":2732,""Quantity"":6}]"
Adria,06-12-2022,"[{""ItemName"":""Shrimp - 21/25& Peel And Deviened"",""Price"":2780,""Quantity"":3}]"
Haydon,3/25/2023,"[{""ItemName"":""Mushroom - Enoki& Fresh"",""Price"":117,""Quantity"":3}]"
Myer,06-05-2022,"[{""ItemName"":""Towel Multifold"",""Price"":1628,""Quantity"":9}]"
Josh,1/23/2023,"[{""ItemName"":""Basil - Fresh"",""Price"":1236,""Quantity"":7}]"
Andras,11-05-2022,"[{""ItemName"":""Bread - Dark Rye"",""Price"":3168,""Quantity"":1}]"
Gussie,8/28/2022,"[{""ItemName"":""Cheese - Oka"",""Price"":1881,""Quantity"":1}]"
Dyana,07-02-2022,"[{""ItemName"":""Roe - Flying Fish"",""Price"":2558,""Quantity"":1}]"
Isabel,7/30/2022,"[{""ItemName"":""Cranberries - Frozen"",""Price"":930,""Quantity"":9}]"
Gerardo,12/17/2022,"[{""ItemName"":""Pepper - Gypsy Pepper"",""Price"":1817,""Quantity"":9}]"
Karly,09-12-2022,"[{""ItemName"":""Longos - Grilled Chicken With"",""Price"":2585,""Quantity"":4}]"
Giacopo,09-11-2022,"[{""ItemName"":""Noodles - Steamed Chow Mein"",""Price"":1066,""Quantity"":5}]"
Meaghan,11/15/2022,"[{""ItemName"":""Pork - Back Ribs"",""Price"":1442,""Quantity"":4}]"
Janie,02-01-2023,"[{""ItemName"":""Syrup - Pancake"",""Price"":595,""Quantity"":4}]"
Othilie,06-02-2022,"[{""ItemName"":""Mushroom - Morel Frozen"",""Price"":805,""Quantity"":4}]"
Alphonso,04-01-2023,"[{""ItemName"":""Sea Bass - Whole"",""Price"":1083,""Quantity"":7}]"
Hansiain,11-09-2022,"[{""ItemName"":""Chocolate - Milk Coating"",""Price"":3869,""Quantity"":3}]"
Ninnette,11-11-2022,"[{""ItemName"":""Cake - French Pear Tart"",""Price"":361,""Quantity"":2}]"
Joellen,03-10-2023,"[{""ItemName"":""Tomatoes Tear Drop Yellow"",""Price"":1213,""Quantity"":6}]"
Wyn,2/22/2023,"[{""ItemName"":""Fuji Apples"",""Price"":3583,""Quantity"":3}]"
Joyce,6/27/2022,"[{""ItemName"":""Mushrooms - Black& Dried"",""Price"":1871,""Quantity"":8}]"
Ronda,11/15/2022,"[{""ItemName"":""Cabbage - Red"",""Price"":2566,""Quantity"":1}]"
Gonzales,9/14/2022,"[{""ItemName"":""Pasta - Lasagna& Dry"",""Price"":3833,""Quantity"":1}]"
Jolyn,12-07-2022,"[{""ItemName"":""Beef Wellington"",""Price"":2792,""Quantity"":2}]"
Phillipp,12/26/2022,"[{""ItemName"":""Avocado"",""Price"":161,""Quantity"":3}]"
Tina,8/22/2022,"[{""ItemName"":""Clam Nectar"",""Price"":2834,""Quantity"":9}]"
Janeva,9/28/2022,"[{""ItemName"":""Beer - Upper Canada Light"",""Price"":1134,""Quantity"":9}]"
Raviv,06-01-2022,"[{""ItemName"":""Pork - Ham Hocks - Smoked"",""Price"":1286,""Quantity"":7}]"
Binni,11/16/2022,"[{""ItemName"":""Cake - Cake Sheet Macaroon"",""Price"":353,""Quantity"":2}]"
Meriel,4/29/2023,"[{""ItemName"":""Flavouring Vanilla Artificial"",""Price"":224,""Quantity"":9}]"
Gar,12/18/2022,"[{""ItemName"":""Nut - Almond& Blanched& Ground"",""Price"":3735,""Quantity"":1}]"
Harcourt,05-11-2022,"[{""ItemName"":""Sauce - Hollandaise"",""Price"":1880,""Quantity"":6}]"
Bellina,6/15/2022,"[{""ItemName"":""Pie Shells 10"",""Price"":2718,""Quantity"":9}]"
Terza,12-09-2022,"[{""ItemName"":""Turkey - Oven Roast Breast"",""Price"":2877,""Quantity"":3}]"
Kimberlee,12-05-2022,"[{""ItemName"":""Truffle - Peelings"",""Price"":2782,""Quantity"":7}]"
Blane,05-11-2022,"[{""ItemName"":""Spic And Span All Purpose"",""Price"":853,""Quantity"":7}]"
Truman,2/22/2023,"[{""ItemName"":""Tea - Herbal Orange Spice"",""Price"":3489,""Quantity"":5}]"
Darcy,4/27/2023,"[{""ItemName"":""Clams - Littleneck& Whole"",""Price"":2561,""Quantity"":10}]"
Guglielma,12-09-2022,"[{""ItemName"":""Chives - Fresh"",""Price"":430,""Quantity"":3}]"
Else,6/23/2022,"[{""ItemName"":""Pork - Tenderloin& Frozen"",""Price"":1176,""Quantity"":8}]"
Sharleen,6/19/2022,"[{""ItemName"":""Vinegar - Cider"",""Price"":1092,""Quantity"":8}]"
Heriberto,3/24/2023,"[{""ItemName"":""Onions - Green"",""Price"":3665,""Quantity"":8}]"
Ruth,08-02-2022,"[{""ItemName"":""Sugar - Invert"",""Price"":1120,""Quantity"":5}]"
Candie,02-06-2023,"[{""ItemName"":""Broccoli - Fresh"",""Price"":1904,""Quantity"":6}]"
Theodoric,03-08-2023,"[{""ItemName"":""Tomatoes - Plum& Canned"",""Price"":244,""Quantity"":6}]"
Carina,08-12-2022,"[{""ItemName"":""Banana - Leaves"",""Price"":1899,""Quantity"":7}]"
Marcellus,2/19/2023,"[{""ItemName"":""Butter - Pod"",""Price"":3865,""Quantity"":6}]"
Elbertine,02-08-2023,"[{""ItemName"":""Parasol Pick Stir Stick"",""Price"":443,""Quantity"":6}]"
Emelita,4/13/2023,"[{""ItemName"":""Cocoa Powder - Dutched"",""Price"":2989,""Quantity"":6}]"
Tiffani,11-07-2022,"[{""ItemName"":""Salmon - Fillets"",""Price"":401,""Quantity"":3}]"
Kristen,1/31/2023,"[{""ItemName"":""Soup - Tomato Mush. Florentine"",""Price"":136,""Quantity"":2}]"
Pincas,07-07-2022,"[{""ItemName"":""Sunflower Seed Raw"",""Price"":1121,""Quantity"":9}]"
Jordan,6/21/2022,"[{""ItemName"":""Vodka - Smirnoff"",""Price"":639,""Quantity"":7}]"
Tybie,10/26/2022,"[{""ItemName"":""Wine - White& Concha Y Toro"",""Price"":3287,""Quantity"":9}]"
Christean,03-05-2023,"[{""ItemName"":""Vinegar - Red Wine"",""Price"":2648,""Quantity"":8}]"
De,9/30/2022,"[{""ItemName"":""Liquid Aminios Acid - Braggs"",""Price"":2058,""Quantity"":7}]"
Drucie,10/26/2022,"[{""ItemName"":""Chips Potato Swt Chilli Sour"",""Price"":2270,""Quantity"":2}]"
Gaven,08-12-2022,"[{""ItemName"":""Muffin Mix - Oatmeal"",""Price"":3517,""Quantity"":10}]"
Andrew,05-12-2022,"[{""ItemName"":""Pork - Hock And Feet Attached"",""Price"":2105,""Quantity"":3}]"
Barris,05-06-2022,"[{""ItemName"":""Huck Towels White"",""Price"":2575,""Quantity"":7}]"
Henryetta,09-12-2022,"[{""ItemName"":""Oil - Canola"",""Price"":3723,""Quantity"":5}]"
Robinetta,10/27/2022,"[{""ItemName"":""Salmon Atl.whole 8 - 10 Lb"",""Price"":2420,""Quantity"":10}]"
Sayre,2/27/2023,"[{""ItemName"":""Sage - Rubbed"",""Price"":3090,""Quantity"":3}]"
Claudetta,09-10-2022,"[{""ItemName"":""Wine - Balbach Riverside"",""Price"":3859,""Quantity"":5}]"
Colline,11/15/2022,"[{""ItemName"":""Beans - Kidney& Canned"",""Price"":3418,""Quantity"":8}]"
Jania,10-10-2022,"[{""ItemName"":""Wine - Marlbourough Sauv Blanc"",""Price"":3135,""Quantity"":4}]"
Rhodie,07-02-2022,"[{""ItemName"":""Lamb - Loin Chops"",""Price"":1524,""Quantity"":2}]"
Jeffy,8/18/2022,"[{""ItemName"":""Crab - Back Fin Meat& Canned"",""Price"":3965,""Quantity"":1}]"
Milena,07-07-2022,"[{""ItemName"":""Glaze - Clear"",""Price"":2450,""Quantity"":1}]"
Manolo,4/25/2023,"[{""ItemName"":""Broom Handle"",""Price"":1609,""Quantity"":9}]"
Brendon,12/30/2022,"[{""ItemName"":""Bread - Corn Muffaletta"",""Price"":3193,""Quantity"":5}]"
Viola,5/28/2022,"[{""ItemName"":""Parsley - Dried"",""Price"":991,""Quantity"":10}]"
Lettie,5/31/2022,"[{""ItemName"":""Bread Fig And Almond"",""Price"":1340,""Quantity"":1}]"
Jessee,2/27/2023,"[{""ItemName"":""Mushrooms - Black& Dried"",""Price"":3376,""Quantity"":9}]"
Luce,10-06-2022,"[{""ItemName"":""Muffin Orange Individual"",""Price"":1079,""Quantity"":7}]"
Kimmie,9/29/2022,"[{""ItemName"":""Bag - Clear 7 Lb"",""Price"":330,""Quantity"":4}]"
Lorianna,6/30/2022,"[{""ItemName"":""Cheese Cheddar Processed"",""Price"":1459,""Quantity"":4}]"
Eliot,9/28/2022,"[{""ItemName"":""Sardines"",""Price"":296,""Quantity"":9}]"
Gradey,07-08-2022,"[{""ItemName"":""Soup - Campbells Chili"",""Price"":3063,""Quantity"":7}]"
Evelyn,8/15/2022,"[{""ItemName"":""Dehydrated Kelp Kombo"",""Price"":1491,""Quantity"":8}]"
Germaine,2/21/2023,"[{""ItemName"":""Beer - True North Lager"",""Price"":2859,""Quantity"":2}]"
Betsy,11-03-2022,"[{""ItemName"":""7up Diet& 355 Ml"",""Price"":571,""Quantity"":8}]"
Pascale,3/29/2023,"[{""ItemName"":""Bread Crumbs - Japanese Style"",""Price"":1750,""Quantity"":6}]"
Perceval,11/27/2022,"[{""ItemName"":""Bag - Clear 7 Lb"",""Price"":3702,""Quantity"":1}]"
Rosabelle,5/17/2022,"[{""ItemName"":""Soup - Knorr& Veg / Beef"",""Price"":3888,""Quantity"":1}]"
Berne,8/17/2022,"[{""ItemName"":""Cake - Pancake"",""Price"":305,""Quantity"":8}]"
Calida,01-02-2023,"[{""ItemName"":""Wine - Placido Pinot Grigo"",""Price"":2862,""Quantity"":10}]"
Willette,7/30/2022,"[{""ItemName"":""Pasta - Lasagne& Fresh"",""Price"":2671,""Quantity"":5}]"
Grannie,03-03-2023,"[{""ItemName"":""Cookie Dough - Chocolate Chip"",""Price"":2443,""Quantity"":5}]"
Bone,11-07-2022,"[{""ItemName"":""Nacho Chips"",""Price"":304,""Quantity"":3}]"
Maxim,3/29/2023,"[{""ItemName"":""Yoplait Drink"",""Price"":3891,""Quantity"":5}]"
Ofilia,10/24/2022,"[{""ItemName"":""Seedlings - Clamshell"",""Price"":460,""Quantity"":6}]"
Nicolas,04-02-2023,"[{""ItemName"":""Chocolate Liqueur - Godet White"",""Price"":1808,""Quantity"":9}]"
Broderic,12-02-2022,"[{""ItemName"":""Vaccum Bag - 14x20"",""Price"":808,""Quantity"":10}]"
Sibyl,8/21/2022,"[{""ItemName"":""Truffle Cups - Red"",""Price"":3444,""Quantity"":6}]"
Clare,11/13/2022,"[{""ItemName"":""Wine - Blue Nun Qualitatswein"",""Price"":353,""Quantity"":2}]"
Gerty,02-09-2023,"[{""ItemName"":""Pear - Prickly"",""Price"":3976,""Quantity"":4}]"
Rose,10/13/2022,"[{""ItemName"":""Daikon Radish"",""Price"":2890,""Quantity"":5}]"
Cleopatra,3/31/2023,"[{""ItemName"":""Sausage - Meat"",""Price"":1923,""Quantity"":4}]"
Danie,1/28/2023,"[{""ItemName"":""Soup Bowl Clear 8oz92008"",""Price"":3394,""Quantity"":9}]"
Merill,1/13/2023,"[{""ItemName"":""Flower - Commercial Bronze"",""Price"":1924,""Quantity"":5}]"
Perice,1/14/2023,"[{""ItemName"":""Flour - Chickpea"",""Price"":1611,""Quantity"":8}]"
Rand,02-01-2023,"[{""ItemName"":""Horseradish - Prepared"",""Price"":1975,""Quantity"":5}]"
Waylin,2/19/2023,"[{""ItemName"":""Pasta - Cheese / Spinach Bauletti"",""Price"":1065,""Quantity"":2}]"
Lilia,6/16/2022,"[{""ItemName"":""Lid - 0090 Clear"",""Price"":1456,""Quantity"":7}]"
Clarette,3/29/2023,"[{""ItemName"":""Cabbage - Green"",""Price"":3633,""Quantity"":6}]"
Pennie,2/25/2023,"[{""ItemName"":""Orange Roughy 4/6 Oz"",""Price"":2171,""Quantity"":7}]"
Evanne,5/22/2022,"[{""ItemName"":""Pasta - Penne& Rigate& Dry"",""Price"":3202,""Quantity"":10}]"
Rica,12-01-2022,"[{""ItemName"":""Raspberries - Frozen"",""Price"":880,""Quantity"":4}]"
Debbi,02-09-2023,"[{""ItemName"":""Cheese - Asiago"",""Price"":780,""Quantity"":4}]"
Othilie,05-06-2022,"[{""ItemName"":""Napkin - Beverage 1 Ply"",""Price"":1204,""Quantity"":2}]"
Gabriel,08-02-2022,"[{""ItemName"":""Versatainer Nc - 9388"",""Price"":3132,""Quantity"":7}]"
Shana,3/23/2023,"[{""ItemName"":""Munchies Honey Sweet Trail Mix"",""Price"":802,""Quantity"":5}]"
Stephani,10/29/2022,"[{""ItemName"":""Phyllo Dough"",""Price"":478,""Quantity"":5}]"
Trev,11-03-2022,"[{""ItemName"":""Sauce - Bernaise& Mix"",""Price"":468,""Quantity"":2}]"
Scarface,1/21/2023,"[{""ItemName"":""Juice Peach Nectar"",""Price"":2499,""Quantity"":8}]"
Trudie,2/25/2023,"[{""ItemName"":""Basil - Primerba& Paste"",""Price"":372,""Quantity"":7}]"
Pierette,6/16/2022,"[{""ItemName"":""Mini - Vol Au Vents"",""Price"":3292,""Quantity"":6}]"
Gale,1/29/2023,"[{""ItemName"":""Cheese - Cottage Cheese"",""Price"":2093,""Quantity"":9}]"
Dew,4/18/2023,"[{""ItemName"":""Chinese Foods - Chicken Wing"",""Price"":2001,""Quantity"":5}]"
Merrie,6/22/2022,"[{""ItemName"":""Ham - Cooked Bayonne Tinned"",""Price"":2092,""Quantity"":9}]"
Cory,01-08-2023,"[{""ItemName"":""Red Snapper - Fresh& Whole"",""Price"":737,""Quantity"":5}]"
Theodore,03-01-2023,"[{""ItemName"":""Artichokes - Jerusalem"",""Price"":3600,""Quantity"":5}]"
Barnebas,01-05-2023,"[{""ItemName"":""Mayonnaise - Individual Pkg"",""Price"":3333,""Quantity"":9}]"
Kristyn,1/28/2023,"[{""ItemName"":""Graham Cracker Mix"",""Price"":2733,""Quantity"":2}]"
Rab,4/20/2023,"[{""ItemName"":""Brandy Apricot"",""Price"":2672,""Quantity"":1}]"
Cati,6/27/2022,"[{""ItemName"":""Island Oasis - Raspberry"",""Price"":3011,""Quantity"":4}]"
Geoffry,10/31/2022,"[{""ItemName"":""Vanilla Beans"",""Price"":2831,""Quantity"":7}]"
Liva,04-03-2023,"[{""ItemName"":""Oneshot Automatic Soap System"",""Price"":529,""Quantity"":5}]"
Klara,06-07-2022,"[{""ItemName"":""Capers - Pickled"",""Price"":716,""Quantity"":9}]"
Hermann,7/14/2022,"[{""ItemName"":""Beef Tenderloin Aaa"",""Price"":3703,""Quantity"":6}]"
Jackson,4/17/2023,"[{""ItemName"":""Quail - Whole& Bone - In"",""Price"":516,""Quantity"":8}]"
Tudor,11/17/2022,"[{""ItemName"":""Danishes - Mini Raspberry"",""Price"":3520,""Quantity"":4}]"
Allie,5/25/2022,"[{""ItemName"":""Corn Shoots"",""Price"":3785,""Quantity"":6}]"
Edie,4/28/2023,"[{""ItemName"":""Mushroom Morel Fresh"",""Price"":2409,""Quantity"":5}]"
Miles,10-06-2022,"[{""ItemName"":""Eggroll"",""Price"":2027,""Quantity"":2}]"
Melosa,3/14/2023,"[{""ItemName"":""Wine - Fume Blanc Fetzer"",""Price"":3134,""Quantity"":3}]"
Iolande,8/24/2022,"[{""ItemName"":""Spoon - Soup& Plastic"",""Price"":185,""Quantity"":4}]"
Sari,10-09-2022,"[{""ItemName"":""Squid - U 5"",""Price"":3732,""Quantity"":4}]"
Greer,10/15/2022,"[{""ItemName"":""Tarragon - Primerba& Paste"",""Price"":3833,""Quantity"":7}]"
Livy,5/20/2022,"[{""ItemName"":""Soup Bowl Clear 8oz92008"",""Price"":1478,""Quantity"":5}]"
Gerti,2/24/2023,"[{""ItemName"":""Tuna - Salad Premix"",""Price"":1414,""Quantity"":8}]"
Marketa,1/21/2023,"[{""ItemName"":""The Pop Shoppe - Black Cherry"",""Price"":1454,""Quantity"":4}]"
Fredia,09-12-2022,"[{""ItemName"":""Tart Shells - Savory& 2"",""Price"":2393,""Quantity"":3}]"
Dawna,8/21/2022,"[{""ItemName"":""Coriander - Seed"",""Price"":583,""Quantity"":4}]"
Olivero,11-03-2022,"[{""ItemName"":""Beef - Cooked& Corned"",""Price"":555,""Quantity"":3}]"
Maryjane,09-06-2022,"[{""ItemName"":""Carrots - Mini& Stem On"",""Price"":376,""Quantity"":8}]"
Gunar,9/26/2022,"[{""ItemName"":""Cheese - Cheddarsliced"",""Price"":1672,""Quantity"":1}]"
Edik,11/17/2022,"[{""ItemName"":""Bread - Burger"",""Price"":1931,""Quantity"":10}]"
Crissie,01-11-2023,"[{""ItemName"":""Pasta - Angel Hair"",""Price"":2834,""Quantity"":6}]"
Adah,5/19/2022,"[{""ItemName"":""Ice Cream Bar - Drumstick"",""Price"":2582,""Quantity"":2}]"
Chris,07-10-2022,"[{""ItemName"":""Wine - White& Schroder And Schyl"",""Price"":352,""Quantity"":6}]"
Ray,3/25/2023,"[{""ItemName"":""Pork - Sausage& Medium"",""Price"":2661,""Quantity"":2}]"
Siobhan,1/16/2023,"[{""ItemName"":""Red Cod Fillets - 225g"",""Price"":2257,""Quantity"":6}]"
Leeanne,6/27/2022,"[{""ItemName"":""Island Oasis - Peach Daiquiri"",""Price"":2486,""Quantity"":5}]"
Lorain,10/30/2022,"[{""ItemName"":""Apple - Macintosh"",""Price"":241,""Quantity"":10}]"
Milissent,10-06-2022,"[{""ItemName"":""Dikon"",""Price"":2377,""Quantity"":4}]"
Coletta,04-10-2023,"[{""ItemName"":""Sugar - Individual Portions"",""Price"":2795,""Quantity"":4}]"
Barr,9/27/2022,"[{""ItemName"":""Cakes Assorted"",""Price"":1356,""Quantity"":1}]"
Corri,10/28/2022,"[{""ItemName"":""Soup Campbells"",""Price"":3206,""Quantity"":2}]"
Ravi,2/14/2023,"[{""ItemName"":""Wine - Cotes Du Rhone"",""Price"":370,""Quantity"":9}]"
Ilaire,2/19/2023,"[{""ItemName"":""Pepper - Scotch Bonnet"",""Price"":360,""Quantity"":10}]"
Minetta,10/31/2022,"[{""ItemName"":""Bar - Granola Trail Mix Fruit Nut"",""Price"":3075,""Quantity"":8}]"
Cheryl,10/23/2022,"[{""ItemName"":""Cheese - Cheddar& Old White"",""Price"":2927,""Quantity"":6}]"
Lilas,09-07-2022,"[{""ItemName"":""Iced Tea - Lemon& 340ml"",""Price"":1111,""Quantity"":10}]"
Othello,8/26/2022,"[{""ItemName"":""Chinese Foods - Chicken"",""Price"":3146,""Quantity"":2}]"
Vittorio,9/27/2022,"[{""ItemName"":""Table Cloth 54x72 Colour"",""Price"":214,""Quantity"":6}]"
Dionysus,12-03-2022,"[{""ItemName"":""Fireball Whisky"",""Price"":3619,""Quantity"":9}]"
Cherey,2/25/2023,"[{""ItemName"":""Beer - Blue"",""Price"":2697,""Quantity"":6}]"
Merilee,9/28/2022,"[{""ItemName"":""Olives - Green& Pitted"",""Price"":916,""Quantity"":7}]"
Daveen,05-10-2022,"[{""ItemName"":""Chips - Miss Vickies"",""Price"":3991,""Quantity"":4}]"
Dorice,3/13/2023,"[{""ItemName"":""Muffin Mix - Chocolate Chip"",""Price"":3330,""Quantity"":6}]"
Shirley,3/26/2023,"[{""ItemName"":""Wheat - Soft Kernal Of Wheat"",""Price"":3556,""Quantity"":7}]"
Miguelita,01-04-2023,"[{""ItemName"":""Sauce - Marinara"",""Price"":3724,""Quantity"":4}]"
Phil,2/14/2023,"[{""ItemName"":""Duck - Breast"",""Price"":2442,""Quantity"":4}]"
Ari,12-10-2022,"[{""ItemName"":""Crab - Meat"",""Price"":3836,""Quantity"":2}]"
Ambrosius,5/18/2022,"[{""ItemName"":""Spinach - Spinach Leaf"",""Price"":3556,""Quantity"":10}]"
Cirstoforo,8/23/2022,"[{""ItemName"":""Pepper - Sorrano"",""Price"":1054,""Quantity"":7}]"
Leoine,7/27/2022,"[{""ItemName"":""Puree - Mango"",""Price"":1043,""Quantity"":4}]"
Jonas,6/23/2022,"[{""ItemName"":""Pie Shell - 9"",""Price"":541,""Quantity"":7}]"
Rasla,4/27/2023,"[{""ItemName"":""Cabbage - Green"",""Price"":606,""Quantity"":4}]"
Brandi,8/21/2022,"[{""ItemName"":""Wine - Soave Folonari"",""Price"":3145,""Quantity"":1}]"
Cirillo,07-02-2022,"[{""ItemName"":""Salmon Atl.whole 8 - 10 Lb"",""Price"":2342,""Quantity"":2}]"
Tudor,9/22/2022,"[{""ItemName"":""Cheese - Boursin& Garlic / Herbs"",""Price"":1401,""Quantity"":1}]"
Hasty,12/14/2022,"[{""ItemName"":""Pepper Squash"",""Price"":3712,""Quantity"":10}]"
Correna,7/19/2022,"[{""ItemName"":""Wine - Two Oceans Sauvignon"",""Price"":791,""Quantity"":4}]"
Ulick,10-07-2022,"[{""ItemName"":""Veal - Knuckle"",""Price"":2792,""Quantity"":10}]"
Roxi,12/21/2022,"[{""ItemName"":""Scallops - 10/20"",""Price"":3036,""Quantity"":4}]"
Teri,1/30/2023,"[{""ItemName"":""Ezy Change Mophandle"",""Price"":1891,""Quantity"":9}]"
Efrem,11/21/2022,"[{""ItemName"":""Beef - Kindney& Whole"",""Price"":3116,""Quantity"":3}]"
Ulla,3/19/2023,"[{""ItemName"":""Lamb - Shoulder"",""Price"":720,""Quantity"":1}]"
Verile,8/20/2022,"[{""ItemName"":""Mushrooms - Black& Dried"",""Price"":1070,""Quantity"":1}]"
Shaylynn,09-12-2022,"[{""ItemName"":""Ham - Virginia"",""Price"":2510,""Quantity"":6}]"
Delia,3/27/2023,"[{""ItemName"":""Sauce - Hollandaise"",""Price"":693,""Quantity"":5}]"
Nicki,10/26/2022,"[{""ItemName"":""Cornflakes"",""Price"":2630,""Quantity"":6}]"
Artemis,5/26/2022,"[{""ItemName"":""Wine - White& Schroder And Schyl"",""Price"":1542,""Quantity"":10}]"
Georgy,11/30/2022,"[{""ItemName"":""Cornish Hen"",""Price"":3944,""Quantity"":1}]"
Mic,5/28/2022,"[{""ItemName"":""Tofu - Soft"",""Price"":1338,""Quantity"":5}]"
Jobye,4/18/2023,"[{""ItemName"":""Beef Ground Medium"",""Price"":2291,""Quantity"":4}]"
Erhard,9/15/2022,"[{""ItemName"":""Bok Choy - Baby"",""Price"":3268,""Quantity"":6}]"
Barbabas,4/20/2023,"[{""ItemName"":""Beef - Cooked& Corned"",""Price"":2256,""Quantity"":4}]"
Evy,3/29/2023,"[{""ItemName"":""Beets - Candy Cane& Organic"",""Price"":401,""Quantity"":8}]"
Robinson,1/14/2023,"[{""ItemName"":""Marjoram - Fresh"",""Price"":2019,""Quantity"":3}]"
Nicoline,10/22/2022,"[{""ItemName"":""Pasta - Orecchiette"",""Price"":3727,""Quantity"":1}]"
Yoshiko,11/25/2022,"[{""ItemName"":""Chicken - Ground"",""Price"":142,""Quantity"":8}]"
Gabriellia,4/23/2023,"[{""ItemName"":""Pepsi - Diet& 355 Ml"",""Price"":2585,""Quantity"":6}]"
Clari,02-03-2023,"[{""ItemName"":""Raisin - Dark"",""Price"":472,""Quantity"":10}]"
Gratiana,3/30/2023,"[{""ItemName"":""Pork - Back Ribs"",""Price"":100,""Quantity"":9}]"
Robin,10-06-2022,"[{""ItemName"":""Longos - Penne With Pesto"",""Price"":1560,""Quantity"":7}]"
Lance,3/13/2023,"[{""ItemName"":""Shrimp - Black Tiger 8 - 12"",""Price"":1890,""Quantity"":7}]"
Bobinette,2/23/2023,"[{""ItemName"":""Pepper - Gypsy Pepper"",""Price"":2889,""Quantity"":4}]"
Datha,05-09-2022,"[{""ItemName"":""Chicken Breast Wing On"",""Price"":1587,""Quantity"":5}]"
Kelbee,8/20/2022,"[{""ItemName"":""Chocolate - Sugar Free Semi Choc"",""Price"":3635,""Quantity"":8}]"
Andris,03-02-2023,"[{""ItemName"":""Cake Circle& Paprus"",""Price"":1219,""Quantity"":3}]"
Laurena,04-03-2023,"[{""ItemName"":""Veal - Provimi Inside"",""Price"":2371,""Quantity"":8}]"
Obidiah,11/15/2022,"[{""ItemName"":""Coffee - French Vanilla Frothy"",""Price"":2792,""Quantity"":1}]"
Ryann,8/22/2022,"[{""ItemName"":""Chicken - Diced& Cooked"",""Price"":3966,""Quantity"":2}]"
Shae,9/29/2022,"[{""ItemName"":""Sponge Cake Mix - Vanilla"",""Price"":2473,""Quantity"":2}]"
Morlee,6/15/2022,"[{""ItemName"":""Steampan - Half Size Shallow"",""Price"":3897,""Quantity"":6}]"
Chauncey,8/16/2022,"[{""ItemName"":""Wine - Touraine Azay - Le - Rideau"",""Price"":3012,""Quantity"":5}]"
Murry,1/15/2023,"[{""ItemName"":""Oysters - Smoked"",""Price"":2154,""Quantity"":7}]"
Brien,8/16/2022,"[{""ItemName"":""Fond - Chocolate"",""Price"":3548,""Quantity"":1}]"
Reina,01-08-2023,"[{""ItemName"":""Soup Campbells"",""Price"":1520,""Quantity"":8}]"
Cherilynn,10-08-2022,"[{""ItemName"":""Wine - Barolo Fontanafredda"",""Price"":2781,""Quantity"":7}]"
Manda,03-10-2023,"[{""ItemName"":""Wine - Sogrape Mateus Rose"",""Price"":735,""Quantity"":2}]"
Zachery,9/27/2022,"[{""ItemName"":""Cherries - Maraschino&jar"",""Price"":234,""Quantity"":5}]"
Antonino,7/22/2022,"[{""ItemName"":""Pail With Metal Handle 16l White"",""Price"":855,""Quantity"":9}]"
Bernardine,11-06-2022,"[{""ItemName"":""Syrup - Monin - Granny Smith"",""Price"":533,""Quantity"":8}]"
Howie,3/16/2023,"[{""ItemName"":""Carbonated Water - Peach"",""Price"":3596,""Quantity"":2}]"
Bartholomeo,03-06-2023,"[{""ItemName"":""Daves Island Stinger"",""Price"":671,""Quantity"":6}]"
Gusta,10-07-2022,"[{""ItemName"":""Potatoes - Peeled"",""Price"":3800,""Quantity"":8}]"
Jerrilee,12/17/2022,"[{""ItemName"":""Pork - Tenderloin& Fresh"",""Price"":599,""Quantity"":3}]"
Hedwig,11-03-2022,"[{""ItemName"":""Cup Translucent 9 Oz"",""Price"":1034,""Quantity"":3}]"
Gardiner,11-02-2022,"[{""ItemName"":""Turnip - Wax"",""Price"":830,""Quantity"":1}]"
Faythe,4/14/2023,"[{""ItemName"":""Appetizer - Assorted Box"",""Price"":900,""Quantity"":6}]"
Romeo,3/28/2023,"[{""ItemName"":""Sugar - Palm"",""Price"":1313,""Quantity"":3}]"
Akim,11-06-2022,"[{""ItemName"":""Ham Black Forest"",""Price"":3375,""Quantity"":2}]"
Margareta,04-06-2023,"[{""ItemName"":""Fenngreek Seed"",""Price"":3855,""Quantity"":8}]"
Dirk,03-08-2023,"[{""ItemName"":""Pepper - Black& Crushed"",""Price"":2367,""Quantity"":8}]"
Immanuel,6/28/2022,"[{""ItemName"":""Vinegar - Balsamic& White"",""Price"":898,""Quantity"":5}]"
Jake,06-05-2022,"[{""ItemName"":""Irish Cream - Baileys"",""Price"":905,""Quantity"":3}]"
Corbett,09-12-2022,"[{""ItemName"":""Macaroons - Two Bite Choc"",""Price"":2252,""Quantity"":3}]"
Tilly,2/20/2023,"[{""ItemName"":""Pie Filling - Apple"",""Price"":2455,""Quantity"":10}]"
Reggy,1/22/2023,"[{""ItemName"":""Fish - Artic Char& Cold Smoked"",""Price"":897,""Quantity"":4}]"
Heywood,10/20/2022,"[{""ItemName"":""Sauce - Gravy& Au Jus& Mix"",""Price"":3033,""Quantity"":1}]"
Clemmy,11-05-2022,"[{""ItemName"":""Cookies Oatmeal Raisin"",""Price"":1638,""Quantity"":10}]"
Anthea,4/19/2023,"[{""ItemName"":""Dried Apple"",""Price"":1069,""Quantity"":3}]"
Sasha,06-03-2022,"[{""ItemName"":""V8 Pet"",""Price"":254,""Quantity"":2}]"
Tom,03-12-2023,"[{""ItemName"":""Truffle Cups - White Paper"",""Price"":3844,""Quantity"":1}]"
Corenda,1/26/2023,"[{""ItemName"":""Mix Pina Colada"",""Price"":2885,""Quantity"":4}]"
Frans,2/27/2023,"[{""ItemName"":""Longos - Burritos"",""Price"":3277,""Quantity"":5}]"
Julianna,08-04-2022,"[{""ItemName"":""Coffee - Dark Roast"",""Price"":2393,""Quantity"":4}]"
Casper,7/14/2022,"[{""ItemName"":""Macaroons - Two Bite Choc"",""Price"":916,""Quantity"":1}]"
Jermayne,2/28/2023,"[{""ItemName"":""Icecream - Dstk Super Cone"",""Price"":240,""Quantity"":6}]"
Colet,06-07-2022,"[{""ItemName"":""Wine - Marlbourough Sauv Blanc"",""Price"":3709,""Quantity"":6}]"
Norean,04-03-2023,"[{""ItemName"":""Ketchup - Tomato"",""Price"":2095,""Quantity"":3}]"
Jimmie,9/14/2022,"[{""ItemName"":""Cheese - Oka"",""Price"":3245,""Quantity"":1}]"
Jorie,11/26/2022,"[{""ItemName"":""Tamarillo"",""Price"":2365,""Quantity"":9}]"
Gipsy,03-05-2023,"[{""ItemName"":""Calypso - Lemonade"",""Price"":2636,""Quantity"":2}]"
Joceline,12/23/2022,"[{""ItemName"":""Coffee Cup 16oz Foam"",""Price"":2233,""Quantity"":8}]"
Yorker,4/15/2023,"[{""ItemName"":""Bread - Rolls& Corn"",""Price"":1697,""Quantity"":5}]"
Ulrica,12/28/2022,"[{""ItemName"":""Shrimp - 31/40"",""Price"":2997,""Quantity"":1}]"
Fairleigh,07-11-2022,"[{""ItemName"":""Vinegar - Balsamic& White"",""Price"":3396,""Quantity"":6}]"
Berkeley,11-09-2022,"[{""ItemName"":""Tuna - Bluefin"",""Price"":282,""Quantity"":4}]"
Oberon,11/22/2022,"[{""ItemName"":""Daves Island Stinger"",""Price"":909,""Quantity"":5}]"
Jerri,02-03-2023,"[{""ItemName"":""Juice - Orange& Concentrate"",""Price"":2570,""Quantity"":3}]"
Anna-diane,10/29/2022,"[{""ItemName"":""Tart - Butter Plain Squares"",""Price"":3121,""Quantity"":3}]"
Gretta,1/22/2023,"[{""ItemName"":""Lamb - Leg& Diced"",""Price"":1942,""Quantity"":9}]"
Axel,8/20/2022,"[{""ItemName"":""Garlic - Elephant"",""Price"":2194,""Quantity"":3}]"
Percy,1/15/2023,"[{""ItemName"":""Squeeze Bottle"",""Price"":3029,""Quantity"":8}]"
Trueman,11/22/2022,"[{""ItemName"":""Tomato - Green"",""Price"":1777,""Quantity"":9}]"
Irvine,3/27/2023,"[{""ItemName"":""Salmon Steak - Cohoe 8 Oz"",""Price"":129,""Quantity"":5}]"
Somerset,6/22/2022,"[{""ItemName"":""Soup - Campbells& Spinach Crm"",""Price"":2802,""Quantity"":7}]"
Ammamaria,02-09-2023,"[{""ItemName"":""Sauce - Fish 25 Ozf Bottle"",""Price"":1529,""Quantity"":9}]"
Araldo,3/31/2023,"[{""ItemName"":""Sprite& Diet - 355ml"",""Price"":3508,""Quantity"":1}]"
Jeralee,12-10-2022,"[{""ItemName"":""Veal - Bones"",""Price"":186,""Quantity"":1}]"
Harriett,2/17/2023,"[{""ItemName"":""Pastry - French Mini Assorted"",""Price"":903,""Quantity"":6}]"
Alameda,6/21/2022,"[{""ItemName"":""Squid - Breaded"",""Price"":1656,""Quantity"":5}]"
Marcellina,09-05-2022,"[{""ItemName"":""Potatoes - Parissienne"",""Price"":901,""Quantity"":10}]"
Slade,7/25/2022,"[{""ItemName"":""Pur Value"",""Price"":3546,""Quantity"":6}]"
Georgie,2/28/2023,"[{""ItemName"":""Bar - Granola Trail Mix Fruit Nut"",""Price"":175,""Quantity"":4}]"
Ilise,03-02-2023,"[{""ItemName"":""Juice - Clamato& 341 Ml"",""Price"":3474,""Quantity"":8}]"
Melisa,6/30/2022,"[{""ItemName"":""Squeeze Bottle"",""Price"":3527,""Quantity"":5}]"
Iver,11/27/2022,"[{""ItemName"":""Pasta - Lasagne& Fresh"",""Price"":296,""Quantity"":1}]"
Harriet,5/24/2022,"[{""ItemName"":""Irish Cream - Butterscotch"",""Price"":2644,""Quantity"":6}]"
Dniren,11/22/2022,"[{""ItemName"":""Bananas"",""Price"":3866,""Quantity"":7}]"
Dukey,01-10-2023,"[{""ItemName"":""Wine - Spumante Bambino White"",""Price"":3215,""Quantity"":7}]"
David,3/19/2023,"[{""ItemName"":""Olive - Spread Tapenade"",""Price"":1185,""Quantity"":1}]"
Eziechiele,09-01-2022,"[{""ItemName"":""Beef - Tongue& Cooked"",""Price"":497,""Quantity"":9}]"
Darya,10/28/2022,"[{""ItemName"":""Sauce - Balsamic Viniagrette"",""Price"":1930,""Quantity"":6}]"
Gretta,8/30/2022,"[{""ItemName"":""Beef - Top Butt"",""Price"":3794,""Quantity"":6}]"
Alard,11-08-2022,"[{""ItemName"":""Container - Foam Dixie 12 Oz"",""Price"":1997,""Quantity"":3}]"
Grange,6/24/2022,"[{""ItemName"":""Soup - Campbells Bean Medley"",""Price"":2484,""Quantity"":5}]"
Dael,04-02-2023,"[{""ItemName"":""Bread - Roll& Calabrese"",""Price"":2252,""Quantity"":5}]"
Reube,3/29/2023,"[{""ItemName"":""Veal - Liver"",""Price"":2455,""Quantity"":2}]"
Maudie,12/24/2022,"[{""ItemName"":""Swiss Chard"",""Price"":561,""Quantity"":2}]"
Davey,8/28/2022,"[{""ItemName"":""Ecolab - Power Fusion"",""Price"":988,""Quantity"":2}]"
Lilly,7/24/2022,"[{""ItemName"":""Ice Cream Bar - Drumstick"",""Price"":3469,""Quantity"":2}]"
Fedora,8/17/2022,"[{""ItemName"":""Lidsoupcont Rp12dn"",""Price"":1150,""Quantity"":4}]"
Spence,7/22/2022,"[{""ItemName"":""Yoplait - Strawbrasp Peac"",""Price"":2515,""Quantity"":7}]"
Riobard,09-07-2022,"[{""ItemName"":""Cheese - Mozzarella& Shredded"",""Price"":1237,""Quantity"":7}]"
Korry,04-04-2023,"[{""ItemName"":""Cheese - Brie& Cups 125g"",""Price"":2283,""Quantity"":5}]"
Aurilia,1/18/2023,"[{""ItemName"":""Cookies - Amaretto"",""Price"":2964,""Quantity"":3}]"
Carol-jean,5/26/2022,"[{""ItemName"":""Nantucket - Orange Mango Cktl"",""Price"":3815,""Quantity"":7}]"
Abram,11/25/2022,"[{""ItemName"":""Beets - Candy Cane& Organic"",""Price"":2950,""Quantity"":3}]"
Dom,3/21/2023,"[{""ItemName"":""Cheese - Cheddar With Claret"",""Price"":2013,""Quantity"":9}]"
Missy,10/26/2022,"[{""ItemName"":""Bread - Onion Focaccia"",""Price"":3401,""Quantity"":10}]"
Ludovika,3/16/2023,"[{""ItemName"":""Swordfish Loin Portions"",""Price"":1683,""Quantity"":5}]"
Franciska,12-05-2022,"[{""ItemName"":""Vinegar - Balsamic"",""Price"":3921,""Quantity"":3}]"
Byran,5/25/2022,"[{""ItemName"":""Pastry - Key Limepoppy Seed Tea"",""Price"":3672,""Quantity"":8}]"
Glendon,3/13/2023,"[{""ItemName"":""Dry Ice"",""Price"":394,""Quantity"":10}]"
Andie,8/19/2022,"[{""ItemName"":""Fuji Apples"",""Price"":106,""Quantity"":10}]"
Rowan,03-09-2023,"[{""ItemName"":""Pork - Shoulder"",""Price"":2048,""Quantity"":7}]"
Timi,05-07-2022,"[{""ItemName"":""Cheese - Cheddarsliced"",""Price"":719,""Quantity"":3}]"
Rosamund,09-10-2022,"[{""ItemName"":""Coffee - Irish Cream"",""Price"":3756,""Quantity"":3}]"
Ramon,6/20/2022,"[{""ItemName"":""Liqueur Banana& Ramazzotti"",""Price"":1749,""Quantity"":5}]"
Boycie,6/25/2022,"[{""ItemName"":""Iced Tea - Lemon& 340ml"",""Price"":1461,""Quantity"":7}]"
Aleksandr,01-05-2023,"[{""ItemName"":""Pork - Kidney"",""Price"":2155,""Quantity"":4}]"
Tabbitha,09-11-2022,"[{""ItemName"":""Leeks - Baby& White"",""Price"":821,""Quantity"":1}]"
Dominica,4/18/2023,"[{""ItemName"":""Broom - Push"",""Price"":1153,""Quantity"":8}]"
Breena,05-03-2023,"[{""ItemName"":""Cheese Cloth No 100"",""Price"":2362,""Quantity"":7}]"
Phelia,03-10-2023,"[{""ItemName"":""Gatorade - Xfactor Berry"",""Price"":226,""Quantity"":6}]"
Norbert,9/13/2022,"[{""ItemName"":""Yucca"",""Price"":1290,""Quantity"":5}]"
Lyle,04-03-2023,"[{""ItemName"":""Sea Urchin"",""Price"":2724,""Quantity"":3}]"
Barclay,11/18/2022,"[{""ItemName"":""Celery"",""Price"":595,""Quantity"":3}]"
Odelinda,11-09-2022,"[{""ItemName"":""Tea - Apple Green Tea"",""Price"":2830,""Quantity"":6}]"
Lyn,5/24/2022,"[{""ItemName"":""Food Colouring - Green"",""Price"":3463,""Quantity"":5}]"
Bettine,5/30/2022,"[{""ItemName"":""Potatoes - Yukon Gold 5 Oz"",""Price"":1449,""Quantity"":6}]"
Dionisio,6/13/2022,"[{""ItemName"":""Vacuum Bags 12x16"",""Price"":1797,""Quantity"":4}]"
Moises,10-04-2022,"[{""ItemName"":""Hickory Smoke& Liquid"",""Price"":1966,""Quantity"":2}]"
Rhys,5/20/2022,"[{""ItemName"":""Venison - Racks Frenched"",""Price"":2147,""Quantity"":6}]"
Bryanty,07-04-2022,"[{""ItemName"":""Glucose"",""Price"":3657,""Quantity"":2}]"
Donall,07-07-2022,"[{""ItemName"":""Spinach - Spinach Leaf"",""Price"":2430,""Quantity"":5}]"
Moyra,07-05-2022,"[{""ItemName"":""Mushroom - Porcini Frozen"",""Price"":3799,""Quantity"":3}]"
Boy,10-09-2022,"[{""ItemName"":""Cheese - St. Paulin"",""Price"":2288,""Quantity"":10}]"
Boycey,5/15/2022,"[{""ItemName"":""Soup Campbells - Tomato Bisque"",""Price"":377,""Quantity"":10}]"
Tony,1/20/2023,"[{""ItemName"":""Berry Brulee"",""Price"":2267,""Quantity"":6}]"
Harv,1/14/2023,"[{""ItemName"":""Cookies Almond Hazelnut"",""Price"":1328,""Quantity"":10}]"
Todd,3/14/2023,"[{""ItemName"":""Sage - Fresh"",""Price"":527,""Quantity"":2}]"
Sydney,07-12-2022,"[{""ItemName"":""Cheese - Brie& Triple Creme"",""Price"":2405,""Quantity"":3}]"
Jeffrey,08-07-2022,"[{""ItemName"":""Canada Dry"",""Price"":2204,""Quantity"":5}]"
Teddy,12/31/2022,"[{""ItemName"":""Grand Marnier"",""Price"":2947,""Quantity"":2}]"
Cesaro,2/17/2023,"[{""ItemName"":""Cheese - Havarti& Salsa"",""Price"":1280,""Quantity"":5}]"
Belicia,06-05-2022,"[{""ItemName"":""Oil - Food& Lacquer Spray"",""Price"":308,""Quantity"":2}]"
Brandon,3/29/2023,"[{""ItemName"":""Turnip - Mini"",""Price"":1968,""Quantity"":5}]"
Liane,09-08-2022,"[{""ItemName"":""Cake - Cheese Cake 9 Inch"",""Price"":1953,""Quantity"":4}]"
Yevette,05-04-2022,"[{""ItemName"":""Cheese - Sheep Milk"",""Price"":2774,""Quantity"":2}]"
Salomone,12/18/2022,"[{""ItemName"":""Cookies - Fortune"",""Price"":1183,""Quantity"":10}]"
Gerri,10/31/2022,"[{""ItemName"":""Slt - Individual Portions"",""Price"":460,""Quantity"":9}]"
Lloyd,06-02-2022,"[{""ItemName"":""Chocolate - Dark Callets"",""Price"":2008,""Quantity"":1}]"
Leah,9/19/2022,"[{""ItemName"":""Plastic Arrow Stir Stick"",""Price"":405,""Quantity"":10}]"
Morton,3/13/2023,"[{""ItemName"":""Towel Multifold"",""Price"":1285,""Quantity"":5}]"
Georgie,8/29/2022,"[{""ItemName"":""Lidsoupcont Rp12dn"",""Price"":3220,""Quantity"":4}]"
Eb,05-09-2022,"[{""ItemName"":""Broom And Broom Rack White"",""Price"":1817,""Quantity"":10}]"
Carlotta,4/16/2023,"[{""ItemName"":""Sobe - Lizard Fuel"",""Price"":820,""Quantity"":7}]"
Ainslie,3/30/2023,"[{""ItemName"":""Clams - Canned"",""Price"":3957,""Quantity"":9}]"
Sofia,4/13/2023,"[{""ItemName"":""Anchovy Fillets"",""Price"":3717,""Quantity"":6}]"
Revkah,3/27/2023,"[{""ItemName"":""Avocado"",""Price"":838,""Quantity"":7}]"
Jonah,5/19/2022,"[{""ItemName"":""Dates"",""Price"":2368,""Quantity"":2}]"
Raychel,06-09-2022,"[{""ItemName"":""Salt And Pepper Mix - Black"",""Price"":3909,""Quantity"":9}]"
Tuckie,09-07-2022,"[{""ItemName"":""Chick Peas - Canned"",""Price"":875,""Quantity"":1}]"
Shelden,01-09-2023,"[{""ItemName"":""Shrimp - 16 - 20 Cooked& Peeled"",""Price"":284,""Quantity"":2}]"
Auria,5/18/2022,"[{""ItemName"":""Chicken - White Meat& No Tender"",""Price"":212,""Quantity"":6}]"
Ade,4/20/2023,"[{""ItemName"":""Wine - Marlbourough Sauv Blanc"",""Price"":2337,""Quantity"":8}]"
Sheba,10/18/2022,"[{""ItemName"":""Melon - Honey Dew"",""Price"":337,""Quantity"":2}]"
Emmet,11/28/2022,"[{""ItemName"":""Cheese - Asiago"",""Price"":1635,""Quantity"":7}]"
Annalise,01-07-2023,"[{""ItemName"":""Mix - Cappucino Cocktail"",""Price"":123,""Quantity"":5}]"
Foster,5/24/2022,"[{""ItemName"":""Beer - Guiness"",""Price"":3502,""Quantity"":2}]"
Julee,6/20/2022,"[{""ItemName"":""Oil - Shortening&liqud& Fry"",""Price"":3825,""Quantity"":7}]"
Benyamin,5/16/2022,"[{""ItemName"":""Olives - Black& Pitted"",""Price"":1240,""Quantity"":1}]"
Fidelity,9/19/2022,"[{""ItemName"":""Grenadine"",""Price"":2994,""Quantity"":2}]"
Reade,2/26/2023,"[{""ItemName"":""Beer - Muskoka Cream Ale"",""Price"":1336,""Quantity"":10}]"
Marylou,9/23/2022,"[{""ItemName"":""Sprouts - Pea"",""Price"":1445,""Quantity"":4}]"
Janaye,7/25/2022,"[{""ItemName"":""Wine - Gewurztraminer Pierre"",""Price"":2812,""Quantity"":4}]"
Lockwood,10/20/2022,"[{""ItemName"":""Saskatoon Berries - Frozen"",""Price"":2730,""Quantity"":6}]"
Deb,2/16/2023,"[{""ItemName"":""Grapefruit - Pink"",""Price"":3984,""Quantity"":8}]"
Jermayne,11-11-2022,"[{""ItemName"":""Wheat - Soft Kernal Of Wheat"",""Price"":3007,""Quantity"":9}]"
Persis,7/28/2022,"[{""ItemName"":""Cheese - La Sauvagine"",""Price"":1690,""Quantity"":4}]"
Sileas,11-12-2022,"[{""ItemName"":""Pepper - Orange"",""Price"":1672,""Quantity"":6}]"
Jared,12/29/2022,"[{""ItemName"":""Pasta - Penne& Rigate& Dry"",""Price"":529,""Quantity"":8}]"
Cindie,09-11-2022,"[{""ItemName"":""Pasta - Ravioli"",""Price"":211,""Quantity"":4}]"
Kirk,4/29/2023,"[{""ItemName"":""Muffin Hinge - 211n"",""Price"":103,""Quantity"":4}]"
Lexi,8/27/2022,"[{""ItemName"":""Cleaner - Bleach"",""Price"":1939,""Quantity"":1}]"
Chet,4/26/2023,"[{""ItemName"":""Beef Wellington"",""Price"":1453,""Quantity"":8}]"
Kai,8/15/2022,"[{""ItemName"":""Pail With Metal Handle 16l White"",""Price"":302,""Quantity"":8}]"
Osborn,2/25/2023,"[{""ItemName"":""Tomatoes Tear Drop Yellow"",""Price"":615,""Quantity"":5}]"
Astrix,5/20/2022,"[{""ItemName"":""Contreau"",""Price"":1920,""Quantity"":8}]"
Grace,01-04-2023,"[{""ItemName"":""Split Peas - Green& Dry"",""Price"":3298,""Quantity"":1}]"
Suzi,03-07-2023,"[{""ItemName"":""Corn Shoots"",""Price"":2605,""Quantity"":5}]"
Kath,09-11-2022,"[{""ItemName"":""Cheese - Brick With Pepper"",""Price"":671,""Quantity"":5}]"
Stesha,05-05-2022,"[{""ItemName"":""Sobe - Green Tea"",""Price"":928,""Quantity"":5}]"
Ginger,12/25/2022,"[{""ItemName"":""Pumpkin - Seed"",""Price"":3666,""Quantity"":10}]"
Shelba,11-05-2022,"[{""ItemName"":""Icecream - Dstk Strw Chseck"",""Price"":358,""Quantity"":9}]"
Chantalle,12/25/2022,"[{""ItemName"":""Juice - Apple 284ml"",""Price"":498,""Quantity"":2}]"
Crista,4/20/2023,"[{""ItemName"":""Island Oasis - Banana Daiquiri"",""Price"":2011,""Quantity"":7}]"
Cecilla,7/23/2022,"[{""ItemName"":""Buffalo - Tenderloin"",""Price"":1436,""Quantity"":6}]"
Cindy,12/23/2022,"[{""ItemName"":""Bread - French Baquette"",""Price"":3408,""Quantity"":10}]"
Ianthe,01-12-2023,"[{""ItemName"":""Pineapple - Canned& Rings"",""Price"":3859,""Quantity"":9}]"
Yardley,01-12-2023,"[{""ItemName"":""Pastrami"",""Price"":1291,""Quantity"":3}]"
Sosanna,2/28/2023,"[{""ItemName"":""Chips - Doritos"",""Price"":2342,""Quantity"":7}]"
Matias,12/16/2022,"[{""ItemName"":""Chips Potato Salt Vinegar 43g"",""Price"":1333,""Quantity"":10}]"
Salvidor,12/13/2022,"[{""ItemName"":""Wine - Red& Black Opal Shiraz"",""Price"":3811,""Quantity"":3}]"
Karrah,10/30/2022,"[{""ItemName"":""Wine - Piper Heidsieck Brut"",""Price"":3586,""Quantity"":7}]"
Karlie,5/17/2022,"[{""ItemName"":""Port - 74 Brights"",""Price"":2008,""Quantity"":7}]"
Barnett,12-09-2022,"[{""ItemName"":""Oil - Truffle& Black"",""Price"":3624,""Quantity"":9}]"
Nissie,07-02-2022,"[{""ItemName"":""Ecolab - Mikroklene 4/4 L"",""Price"":2511,""Quantity"":9}]"
Caressa,12/16/2022,"[{""ItemName"":""Paste - Black Olive"",""Price"":986,""Quantity"":3}]"
Gareth,3/28/2023,"[{""ItemName"":""Ice Cream - Fudge Bars"",""Price"":517,""Quantity"":3}]"
Celisse,10-09-2022,"[{""ItemName"":""Mcguinness - Blue Curacao"",""Price"":1454,""Quantity"":7}]"
Bonny,11/20/2022,"[{""ItemName"":""Wine - Fontanafredda Barolo"",""Price"":1124,""Quantity"":9}]"
Demetra,10-05-2022,"[{""ItemName"":""Gingerale - Schweppes& 355 Ml"",""Price"":2939,""Quantity"":3}]"
Florette,3/24/2023,"[{""ItemName"":""Bar Special K"",""Price"":527,""Quantity"":8}]"
Ethel,9/14/2022,"[{""ItemName"":""Guava"",""Price"":3895,""Quantity"":7}]"
Dina,01-08-2023,"[{""ItemName"":""Nantucket Apple Juice"",""Price"":3801,""Quantity"":2}]"
Isabeau,9/17/2022,"[{""ItemName"":""Wine - Harrow Estates& Vidal"",""Price"":616,""Quantity"":10}]"
Rhody,7/19/2022,"[{""ItemName"":""Sea Bass - Fillets"",""Price"":1530,""Quantity"":10}]"
Heloise,07-04-2022,"[{""ItemName"":""Lamb - Leg& Boneless"",""Price"":1730,""Quantity"":2}]"
Malissia,5/17/2022,"[{""ItemName"":""Lemonade - Kiwi& 591 Ml"",""Price"":1024,""Quantity"":7}]"
Dolly,12/22/2022,"[{""ItemName"":""Bread - Sour Sticks With Onion"",""Price"":3929,""Quantity"":4}]"
Sherlock,10/26/2022,"[{""ItemName"":""Bread - Mini Hamburger Bun"",""Price"":874,""Quantity"":8}]"
Bell,2/14/2023,"[{""ItemName"":""Shrimp - Tiger 21/25"",""Price"":689,""Quantity"":7}]"
Clea,2/20/2023,"[{""ItemName"":""Muffin - Mix - Mango Sour Cherry"",""Price"":191,""Quantity"":1}]"
Norrie,11-01-2022,"[{""ItemName"":""Salmon - Canned"",""Price"":1715,""Quantity"":1}]"
Antonio,9/14/2022,"[{""ItemName"":""Sauce - Fish 25 Ozf Bottle"",""Price"":2910,""Quantity"":7}]"
Hanson,5/13/2022,"[{""ItemName"":""Beer - Blue"",""Price"":2297,""Quantity"":7}]"
Nefen,8/20/2022,"[{""ItemName"":""Mushroom - White Button"",""Price"":653,""Quantity"":9}]"
Moreen,4/17/2023,"[{""ItemName"":""Bar Mix - Lime"",""Price"":1234,""Quantity"":7}]"
Storm,10/18/2022,"[{""ItemName"":""Juice - Cranberry 284ml"",""Price"":2058,""Quantity"":8}]"
Kari,1/22/2023,"[{""ItemName"":""Cocoa Feuilletine"",""Price"":3679,""Quantity"":8}]"
Dido,01-04-2023,"[{""ItemName"":""Chicken - Whole Fryers"",""Price"":3762,""Quantity"":5}]"
Sherri,09-11-2022,"[{""ItemName"":""Salmon - Sockeye Raw"",""Price"":3318,""Quantity"":2}]"
Cary,04-02-2023,"[{""ItemName"":""Onions - Spanish"",""Price"":2566,""Quantity"":8}]"
Irvin,7/20/2022,"[{""ItemName"":""Sprouts - Peppercress"",""Price"":1354,""Quantity"":6}]"
Donalt,11-01-2022,"[{""ItemName"":""Cheese - Le Cru Du Clocher"",""Price"":3515,""Quantity"":6}]"
Vivienne,02-05-2023,"[{""ItemName"":""Herb Du Provence - Primerba"",""Price"":840,""Quantity"":7}]"
Henrik,10/30/2022,"[{""ItemName"":""Wine - Taylors Reserve"",""Price"":310,""Quantity"":10}]"
Joachim,06-12-2022,"[{""ItemName"":""Wine - Red& Gallo& Merlot"",""Price"":3433,""Quantity"":10}]"
Malorie,6/19/2022,"[{""ItemName"":""Wonton Wrappers"",""Price"":1787,""Quantity"":5}]"
Elmer,05-04-2022,"[{""ItemName"":""Table Cloth 120 Round White"",""Price"":2959,""Quantity"":7}]"
Belvia,11/24/2022,"[{""ItemName"":""Fennel"",""Price"":2246,""Quantity"":8}]"
Janka,10/20/2022,"[{""ItemName"":""Pork - Kidney"",""Price"":600,""Quantity"":1}]"
Kendra,05-08-2022,"[{""ItemName"":""Tomatoes - Yellow Hot House"",""Price"":2123,""Quantity"":1}]"
Deeanne,02-01-2023,"[{""ItemName"":""Basil - Dry& Rubbed"",""Price"":1468,""Quantity"":7}]"
Fabe,9/17/2022,"[{""ItemName"":""Nectarines"",""Price"":3865,""Quantity"":4}]"
Nicole,1/24/2023,"[{""ItemName"":""Soup - Clam Chowder& Dry Mix"",""Price"":815,""Quantity"":7}]"
Oberon,6/29/2022,"[{""ItemName"":""Coconut - Whole"",""Price"":3937,""Quantity"":2}]"
Johnna,3/26/2023,"[{""ItemName"":""Wine - Magnotta - Cab Franc"",""Price"":1464,""Quantity"":1}]"
Shina,4/16/2023,"[{""ItemName"":""Mushroom - Chantrelle& Fresh"",""Price"":996,""Quantity"":4}]"
Pembroke,05-01-2023,"[{""ItemName"":""Juice - Orange& Concentrate"",""Price"":449,""Quantity"":7}]"
Shayne,02-09-2023,"[{""ItemName"":""Tahini Paste"",""Price"":3359,""Quantity"":10}]"
Meier,07-02-2022,"[{""ItemName"":""Milk 2% 500 Ml"",""Price"":3572,""Quantity"":3}]"
Holly,03-04-2023,"[{""ItemName"":""Gherkin"",""Price"":512,""Quantity"":5}]"
Doti,8/13/2022,"[{""ItemName"":""Cafe Royale"",""Price"":935,""Quantity"":10}]"
Stacy,8/18/2022,"[{""ItemName"":""Cinnamon Rolls"",""Price"":3334,""Quantity"":8}]"
Brynna,03-03-2023,"[{""ItemName"":""Nori Sea Weed - Gold Label"",""Price"":1257,""Quantity"":5}]"
Carolin,03-09-2023,"[{""ItemName"":""Snapple Lemon Tea"",""Price"":1318,""Quantity"":5}]"
Kania,5/22/2022,"[{""ItemName"":""Tuna - Yellowfin"",""Price"":267,""Quantity"":2}]"
Gabriele,12-01-2022,"[{""ItemName"":""Crush - Cream Soda"",""Price"":3048,""Quantity"":3}]"
Lewes,12-07-2022,"[{""ItemName"":""Compound - Strawberry"",""Price"":961,""Quantity"":3}]"
Minerva,1/13/2023,"[{""ItemName"":""Pepper - Gypsy Pepper"",""Price"":3169,""Quantity"":1}]"
Patty,5/31/2022,"[{""ItemName"":""Cattail Hearts"",""Price"":1958,""Quantity"":8}]"
Valentine,6/29/2022,"[{""ItemName"":""Bread - Rolls& Corn"",""Price"":2790,""Quantity"":10}]"
Omero,11/15/2022,"[{""ItemName"":""Beer - Guiness"",""Price"":1280,""Quantity"":10}]"
Ive,4/18/2023,"[{""ItemName"":""Soho Lychee Liqueur"",""Price"":2296,""Quantity"":1}]"
Natal,11-01-2022,"[{""ItemName"":""Carrots - Mini Red Organic"",""Price"":1199,""Quantity"":10}]"
Boniface,07-01-2022,"[{""ItemName"":""Apple - Macintosh"",""Price"":2197,""Quantity"":5}]"
Nelia,8/18/2022,"[{""ItemName"":""Lettuce - Green Leaf"",""Price"":776,""Quantity"":7}]"
Laina,3/29/2023,"[{""ItemName"":""Marjoram - Dried& Rubbed"",""Price"":1768,""Quantity"":10}]"
Cornie,01-01-2023,"[{""ItemName"":""Compound - Rum"",""Price"":1890,""Quantity"":10}]"
Opalina,10-12-2022,"[{""ItemName"":""Nescafe - Frothy French Vanilla"",""Price"":2391,""Quantity"":2}]"
Correy,03-11-2023,"[{""ItemName"":""Lotus Leaves"",""Price"":3932,""Quantity"":8}]"
Owen,02-10-2023,"[{""ItemName"":""Bamboo Shoots - Sliced"",""Price"":3726,""Quantity"":6}]"
Jackquelin,09-02-2022,"[{""ItemName"":""Mudslide"",""Price"":939,""Quantity"":5}]"
Korie,03-11-2023,"[{""ItemName"":""Lettuce - Romaine& Heart"",""Price"":166,""Quantity"":2}]"
Abraham,10-02-2022,"[{""ItemName"":""Clams - Canned"",""Price"":3064,""Quantity"":10}]"
Carolina,7/22/2022,"[{""ItemName"":""Rolled Oats"",""Price"":1340,""Quantity"":8}]"
Udell,8/25/2022,"[{""ItemName"":""Ostrich - Prime Cut"",""Price"":486,""Quantity"":9}]"
Gratia,5/20/2022,"[{""ItemName"":""Mountain Dew"",""Price"":1273,""Quantity"":4}]"
Darius,1/20/2023,"[{""ItemName"":""Oil - Sunflower"",""Price"":3243,""Quantity"":6}]"
Babita,8/28/2022,"[{""ItemName"":""Chives - Fresh"",""Price"":777,""Quantity"":9}]"
Libbi,04-04-2023,"[{""ItemName"":""Tendrils - Baby Pea& Organic"",""Price"":2605,""Quantity"":3}]"
Clarissa,03-04-2023,"[{""ItemName"":""Bread - Sour Batard"",""Price"":2426,""Quantity"":2}]"
Tad,7/27/2022,"[{""ItemName"":""Nescafe - Frothy French Vanilla"",""Price"":1534,""Quantity"":8}]"
Ethelin,2/25/2023,"[{""ItemName"":""Chocolate Bar - Oh Henry"",""Price"":3144,""Quantity"":4}]"
Virgina,4/28/2023,"[{""ItemName"":""Beef - Rib Roast& Cap On"",""Price"":207,""Quantity"":8}]"
Anni,10/27/2022,"[{""ItemName"":""Dried Cherries"",""Price"":509,""Quantity"":6}]"
Maddie,03-11-2023,"[{""ItemName"":""Coffee Beans - Chocolate"",""Price"":1622,""Quantity"":10}]"
Tommi,11-06-2022,"[{""ItemName"":""Beer - Creemore"",""Price"":2853,""Quantity"":9}]"
Berny,12-09-2022,"[{""ItemName"":""Prunes - Pitted"",""Price"":1195,""Quantity"":7}]"
Nanni,01-03-2023,"[{""ItemName"":""Pork - Loin& Center Cut"",""Price"":1399,""Quantity"":3}]"
Haslett,10/15/2022,"[{""ItemName"":""Syrup - Monin - Granny Smith"",""Price"":711,""Quantity"":9}]"
Fabe,11-02-2022,"[{""ItemName"":""Truffle Cups Green"",""Price"":3830,""Quantity"":10}]"
Cleveland,9/14/2022,"[{""ItemName"":""Silicone Parch. 16.3x24.3"",""Price"":1435,""Quantity"":2}]"
Goldy,1/14/2023,"[{""ItemName"":""Soup - Cream Of Broccoli& Dry"",""Price"":1616,""Quantity"":7}]"
Thibaud,12/16/2022,"[{""ItemName"":""Dried Cranberries"",""Price"":3408,""Quantity"":1}]"
Jessalyn,12/18/2022,"[{""ItemName"":""Wine - Montecillo Rioja Crianza"",""Price"":2121,""Quantity"":6}]"
Kahaleel,5/25/2022,"[{""ItemName"":""Doilies - 12& Paper"",""Price"":737,""Quantity"":8}]"
Bale,2/24/2023,"[{""ItemName"":""Milk - Skim"",""Price"":3772,""Quantity"":1}]"
Lauritz,10/17/2022,"[{""ItemName"":""Beef - Salted"",""Price"":1050,""Quantity"":10}]"
Kelsey,10/31/2022,"[{""ItemName"":""Crackers - Graham"",""Price"":238,""Quantity"":5}]"
Darrin,1/28/2023,"[{""ItemName"":""Tomatoes Tear Drop"",""Price"":2726,""Quantity"":5}]"
Glenda,4/24/2023,"[{""ItemName"":""Mushroom - Chantrelle& Fresh"",""Price"":2966,""Quantity"":4}]"
Idell,11/25/2022,"[{""ItemName"":""Bagel - Everything Presliced"",""Price"":2217,""Quantity"":2}]"
Marlee,01-05-2023,"[{""ItemName"":""Wine - Red& Pelee Island Merlot"",""Price"":149,""Quantity"":8}]"
Rennie,5/28/2022,"[{""ItemName"":""Puff Pastry - Sheets"",""Price"":2445,""Quantity"":7}]"
Vilhelmina,4/27/2023,"[{""ItemName"":""Tamarind Paste"",""Price"":2790,""Quantity"":5}]"
Astrix,12/21/2022,"[{""ItemName"":""Macaroons - Two Bite Choc"",""Price"":1545,""Quantity"":8}]"
Brana,08-03-2022,"[{""ItemName"":""Beans - Fava& Canned"",""Price"":1595,""Quantity"":6}]"
Wayland,05-06-2022,"[{""ItemName"":""Beets - Mini Golden"",""Price"":1166,""Quantity"":6}]"
Stanislas,8/24/2022,"[{""ItemName"":""Soup - Boston Clam Chowder"",""Price"":1056,""Quantity"":5}]"
Wilburt,7/23/2022,"[{""ItemName"":""Salt - Table"",""Price"":362,""Quantity"":4}]"
Jacintha,10-10-2022,"[{""ItemName"":""Wine - Pinot Noir Mondavi Coastal"",""Price"":579,""Quantity"":1}]"
Pooh,09-08-2022,"[{""ItemName"":""Dr. Pepper - 355ml"",""Price"":1872,""Quantity"":1}]"
Kitty,2/20/2023,"[{""ItemName"":""Icecream Bar - Del Monte"",""Price"":480,""Quantity"":7}]"
Horatio,2/21/2023,"[{""ItemName"":""Blueberries"",""Price"":567,""Quantity"":9}]"
Egor,5/14/2022,"[{""ItemName"":""Myers Planters Punch"",""Price"":1678,""Quantity"":4}]"
Emelia,09-04-2022,"[{""ItemName"":""Soup - French Can Pea"",""Price"":565,""Quantity"":10}]"
Zorine,12-08-2022,"[{""ItemName"":""Hickory Smoke& Liquid"",""Price"":2982,""Quantity"":10}]"
Bari,4/27/2023,"[{""ItemName"":""Pineapple - Golden"",""Price"":1149,""Quantity"":1}]"
Inge,9/14/2022,"[{""ItemName"":""Sauce - Hoisin"",""Price"":531,""Quantity"":9}]"
Pierson,9/23/2022,"[{""ItemName"":""Pork - Bacon Cooked Slcd"",""Price"":458,""Quantity"":6}]"
Amandie,11/28/2022,"[{""ItemName"":""Cake Circle& Paprus"",""Price"":359,""Quantity"":7}]"
Ariadne,04-02-2023,"[{""ItemName"":""Nantucket - Kiwi Berry Cktl."",""Price"":1893,""Quantity"":5}]"
Ruggiero,11-08-2022,"[{""ItemName"":""Muffin Carrot - Individual"",""Price"":2793,""Quantity"":1}]"
Eugenie,09-12-2022,"[{""ItemName"":""Bread - Calabrese Baguette"",""Price"":1676,""Quantity"":4}]"
Kennedy,09-10-2022,"[{""ItemName"":""Energy Drink - Franks Original"",""Price"":2129,""Quantity"":10}]"
Elna,08-02-2022,"[{""ItemName"":""Wine - White& Riesling& Semi - Dry"",""Price"":284,""Quantity"":6}]"
Nikoletta,03-07-2023,"[{""ItemName"":""Juice - Orange 1.89l"",""Price"":3433,""Quantity"":3}]"
Huey,04-12-2023,"[{""ItemName"":""Tray - 16in Rnd Blk"",""Price"":787,""Quantity"":2}]"
Tim,10/18/2022,"[{""ItemName"":""Basil - Thai"",""Price"":3082,""Quantity"":7}]"
Dannie,10-08-2022,"[{""ItemName"":""Cleaner - Comet"",""Price"":1897,""Quantity"":10}]"
Genia,8/17/2022,"[{""ItemName"":""Lobak"",""Price"":1549,""Quantity"":7}]"
Alyce,3/27/2023,"[{""ItemName"":""Pail With Metal Handle 16l White"",""Price"":3643,""Quantity"":7}]"
Zonnya,3/13/2023,"[{""ItemName"":""Turnip - Wax"",""Price"":2394,""Quantity"":1}]"
Ulrikaumeko,07-08-2022,"[{""ItemName"":""Coffee Swiss Choc Almond"",""Price"":441,""Quantity"":2}]"
Kippy,05-11-2022,"[{""ItemName"":""Cape Capensis - Fillet"",""Price"":2041,""Quantity"":7}]"
Barnie,6/26/2022,"[{""ItemName"":""Soup - Boston Clam Chowder"",""Price"":2399,""Quantity"":6}]"
Emilia,1/21/2023,"[{""ItemName"":""Wine - Pinot Noir Latour"",""Price"":640,""Quantity"":7}]"
Perren,02-04-2023,"[{""ItemName"":""Lemonade - Pineapple Passion"",""Price"":1085,""Quantity"":3}]"
Fulvia,10/30/2022,"[{""ItemName"":""Eggplant - Asian"",""Price"":2826,""Quantity"":6}]"
Baryram,03-03-2023,"[{""ItemName"":""Container - Foam Dixie 12 Oz"",""Price"":2430,""Quantity"":1}]"
Bev,1/15/2023,"[{""ItemName"":""Sauce - Black Current& Dry Mix"",""Price"":407,""Quantity"":1}]"
Hollie,11-05-2022,"[{""ItemName"":""Ham - Cooked Italian"",""Price"":3100,""Quantity"":5}]"
